D:\Project\MrProper\src\core\disk_model.cpp:260:9: warning: boolean expression can be simplified by DeMorgan's theorem [readability-simplify-boolean-expr]
  260 |     if (!((letter >= 'A' && letter <= 'Z') || (letter >= 'a' && letter <= 'z'))) return std::nullopt;
      |         ^~~~~~~~~~~~~~~~~~~~~~~~~~~~~~~~~~~~~~~~~~~~~~~~~~~~~~~~~~~~~~~~~~~~~~~
      |                   <      ||        >       &&         <      ||        >
D:\Project\MrProper\src\core\disk_model.cpp:496:15: warning: an exception may be thrown in function 'findVolumeByGuidPath' which should not throw exceptions [bugprone-exception-escape]
  496 | const Volume* findVolumeByGuidPath(const std::vector<PhysicalDisk>& disks,
      |               ^
D:\Project\MrProper\src\core\disk_model.cpp:509:15: warning: an exception may be thrown in function 'findVolumeByMountPoint' which should not throw exceptions [bugprone-exception-escape]
  509 | const Volume* findVolumeByMountPoint(const std::vector<PhysicalDisk>& disks,
      |               ^
D:\Project\MrProper\src\core\disk_model.cpp:545:6: warning: an exception may be thrown in function 'isSystemVolume' which should not throw exceptions [bugprone-exception-escape]
  545 | bool isSystemVolume(const std::vector<PhysicalDisk>& disks, std::string_view volumeGuidPath) noexcept {
      |      ^
D:\Project\MrProper\src\core\disk_model.cpp:576:24: warning: function 'validateDisk' has cognitive complexity of 74 (threshold 25) [readability-function-cognitive-complexity]
  576 | std::vector<DiskIssue> validateDisk(const PhysicalDisk& disk) {
      |                        ^
D:\Project\MrProper\src\core\disk_model.cpp:580:16: note: nesting level increased to 1
  580 |     auto add = [&issues, &disk](IssueSeverity severity, bool hasPartition, std::uint32_t partitionIndex,
      |                ^
D:\Project\MrProper\src\core\disk_model.cpp:594:5: note: +1, including nesting penalty of 0, nesting level increased to 1
  594 |     for (const Partition& partition : disk.partitions) {
      |     ^
D:\Project\MrProper\src\core\disk_model.cpp:596:9: note: +2, including nesting penalty of 1, nesting level increased to 2
  596 |         if (partition.hasVolume) {
      |         ^
D:\Project\MrProper\src\core\disk_model.cpp:601:5: note: +1, including nesting penalty of 0, nesting level increased to 1
  601 |     if (!hasDiskData(disk)) {
      |     ^
D:\Project\MrProper\src\core\disk_model.cpp:604:12: note: +1, nesting level increased to 1
  604 |     } else if (!sizeKnown) {
      |            ^
D:\Project\MrProper\src\core\disk_model.cpp:608:5: note: +1, including nesting penalty of 0, nesting level increased to 1
  608 |     if (sizeKnown && partitionedBytes > disk.sizeBytes) {
      |     ^
D:\Project\MrProper\src\core\disk_model.cpp:608:19: note: +1
  608 |     if (sizeKnown && partitionedBytes > disk.sizeBytes) {
      |                   ^
D:\Project\MrProper\src\core\disk_model.cpp:613:5: note: +1, including nesting penalty of 0, nesting level increased to 1
  613 |     if (sizeKnown && disk.sizeBytes > partitionedBytes) {
      |     ^
D:\Project\MrProper\src\core\disk_model.cpp:613:19: note: +1
  613 |     if (sizeKnown && disk.sizeBytes > partitionedBytes) {
      |                   ^
D:\Project\MrProper\src\core\disk_model.cpp:618:5: note: +1, including nesting penalty of 0, nesting level increased to 1
  618 |     if (sizeKnown && volumeBytes > partitionedBytes) {
      |     ^
D:\Project\MrProper\src\core\disk_model.cpp:618:19: note: +1
  618 |     if (sizeKnown && volumeBytes > partitionedBytes) {
      |                   ^
D:\Project\MrProper\src\core\disk_model.cpp:626:5: note: +1, including nesting penalty of 0, nesting level increased to 1
  626 |     for (std::size_t i = 0; i < disk.partitions.size(); ++i) {
      |     ^
D:\Project\MrProper\src\core\disk_model.cpp:627:9: note: +2, including nesting penalty of 1, nesting level increased to 2
  627 |         for (std::size_t j = i + 1; j < disk.partitions.size(); ++j) {
      |         ^
D:\Project\MrProper\src\core\disk_model.cpp:628:13: note: +3, including nesting penalty of 2, nesting level increased to 3
  628 |             if (disk.partitions[i].index != disk.partitions[j].index) continue;
      |             ^
D:\Project\MrProper\src\core\disk_model.cpp:639:5: note: +1, including nesting penalty of 0, nesting level increased to 1
  639 |     for (std::size_t i = 0; i < disk.partitions.size(); ++i) order.push_back(i);
      |     ^
D:\Project\MrProper\src\core\disk_model.cpp:640:43: note: nesting level increased to 1
  640 |     std::sort(order.begin(), order.end(), [&disk](std::size_t a, std::size_t b) {
      |                                           ^
D:\Project\MrProper\src\core\disk_model.cpp:641:9: note: +2, including nesting penalty of 1, nesting level increased to 2
  641 |         if (disk.partitions[a].offsetBytes != disk.partitions[b].offsetBytes) {
      |         ^
D:\Project\MrProper\src\core\disk_model.cpp:646:5: note: +1, including nesting penalty of 0, nesting level increased to 1
  646 |     for (std::size_t i = 1; i < order.size(); ++i) {
      |     ^
D:\Project\MrProper\src\core\disk_model.cpp:649:9: note: +2, including nesting penalty of 1, nesting level increased to 2
  649 |         if (previous.lengthBytes == 0) continue;
      |         ^
D:\Project\MrProper\src\core\disk_model.cpp:650:9: note: +2, including nesting penalty of 1, nesting level increased to 2
  650 |         if (current.offsetBytes - previous.offsetBytes < previous.lengthBytes) {
      |         ^
D:\Project\MrProper\src\core\disk_model.cpp:657:5: note: +1, including nesting penalty of 0, nesting level increased to 1
  657 |     for (const Partition& partition : disk.partitions) {
      |     ^
D:\Project\MrProper\src\core\disk_model.cpp:659:9: note: +2, including nesting penalty of 1, nesting level increased to 2
  659 |         if (partition.lengthBytes == 0) {
      |         ^
D:\Project\MrProper\src\core\disk_model.cpp:663:9: note: +2, including nesting penalty of 1, nesting level increased to 2
  663 |         if (sizeKnown && (partition.offsetBytes > disk.sizeBytes ||
      |         ^
D:\Project\MrProper\src\core\disk_model.cpp:663:23: note: +1
  663 |         if (sizeKnown && (partition.offsetBytes > disk.sizeBytes ||
      |                       ^
D:\Project\MrProper\src\core\disk_model.cpp:663:66: note: +1
  663 |         if (sizeKnown && (partition.offsetBytes > disk.sizeBytes ||
      |                                                                  ^
D:\Project\MrProper\src\core\disk_model.cpp:670:9: note: +2, including nesting penalty of 1, nesting level increased to 2
  670 |         if (partition.kind == PartitionKind::Unallocated && partition.hasVolume) {
      |         ^
D:\Project\MrProper\src\core\disk_model.cpp:670:58: note: +1
  670 |         if (partition.kind == PartitionKind::Unallocated && partition.hasVolume) {
      |                                                          ^
D:\Project\MrProper\src\core\disk_model.cpp:674:9: note: +2, including nesting penalty of 1, nesting level increased to 2
  674 |         if (!partition.hasVolume) continue;
      |         ^
D:\Project\MrProper\src\core\disk_model.cpp:677:9: note: +2, including nesting penalty of 1, nesting level increased to 2
  677 |         if (volume.freeBytes > volume.totalBytes) {
      |         ^
D:\Project\MrProper\src\core\disk_model.cpp:682:9: note: +2, including nesting penalty of 1, nesting level increased to 2
  682 |         if (!volume.mountPoints.empty() && volume.totalBytes == 0) {
      |         ^
D:\Project\MrProper\src\core\disk_model.cpp:682:41: note: +1
  682 |         if (!volume.mountPoints.empty() && volume.totalBytes == 0) {
      |                                         ^
D:\Project\MrProper\src\core\disk_model.cpp:686:9: note: +2, including nesting penalty of 1, nesting level increased to 2
  686 |         if (volume.mountPoints.empty()) {
      |         ^
D:\Project\MrProper\src\core\disk_model.cpp:691:9: note: +2, including nesting penalty of 1, nesting level increased to 2
  691 |         if (volume.fileSystem.empty()) {
      |         ^
D:\Project\MrProper\src\core\disk_model.cpp:696:9: note: +2, including nesting penalty of 1, nesting level increased to 2
  696 |         if (volume.encrypted) {
      |         ^
D:\Project\MrProper\src\core\disk_model.cpp:700:9: note: +2, including nesting penalty of 1, nesting level increased to 2
  700 |         if (volume.readOnly || disk.readOnly) {
      |         ^
D:\Project\MrProper\src\core\disk_model.cpp:700:29: note: +1
  700 |         if (volume.readOnly || disk.readOnly) {
      |                             ^
D:\Project\MrProper\src\core\disk_model.cpp:704:9: note: +2, including nesting penalty of 1, nesting level increased to 2
  704 |         if (volume.dirty) {
      |         ^
D:\Project\MrProper\src\core\disk_model.cpp:709:9: note: +2, including nesting penalty of 1, nesting level increased to 2
  709 |         if (volume.diskExtents.empty()) {
      |         ^
D:\Project\MrProper\src\core\disk_model.cpp:712:11: note: +1, nesting level increased to 2
  712 |         } else {
      |           ^
D:\Project\MrProper\src\core\disk_model.cpp:713:13: note: +3, including nesting penalty of 2, nesting level increased to 3
  713 |             for (const auto& extent : volume.diskExtents) {
      |             ^
D:\Project\MrProper\src\core\disk_model.cpp:714:17: note: +4, including nesting penalty of 3, nesting level increased to 4
  714 |                 if (extent.first != disk.number || !sizeKnown) continue;
      |                 ^
D:\Project\MrProper\src\core\disk_model.cpp:714:49: note: +1
  714 |                 if (extent.first != disk.number || !sizeKnown) continue;
      |                                                 ^
D:\Project\MrProper\src\core\disk_model.cpp:715:17: note: +4, including nesting penalty of 3, nesting level increased to 4
  715 |                 if (extent.second > disk.sizeBytes) {
      |                 ^
D:\Project\MrProper\src\core\disk_model.cpp:721:13: note: +3, including nesting penalty of 2, nesting level increased to 3
  721 |             if (spansMultipleDisks(volume)) {
      |             ^
D:\Project\MrProper\src\core\disk_model.cpp:727:9: note: +2, including nesting penalty of 1, nesting level increased to 2
  727 |         if (partition.lengthBytes > 0 && volume.totalBytes > partition.lengthBytes) {
      |         ^
D:\Project\MrProper\src\core\disk_model.cpp:727:39: note: +1
  727 |         if (partition.lengthBytes > 0 && volume.totalBytes > partition.lengthBytes) {
      |                                       ^
D:\Project\MrProper\src\core\disk_model.cpp:576:24: warning: function 'validateDisk' exceeds recommended size/complexity thresholds [readability-function-size]
  576 | std::vector<DiskIssue> validateDisk(const PhysicalDisk& disk) {
      |                        ^
D:\Project\MrProper\src\core\disk_model.cpp:576:24: note: 158 lines including whitespace and comments (threshold 120)
D:\Project\MrProper\src\core\disk_model.cpp:576:24: note: 128 statements (threshold 60)
D:\Project\MrProper\src\core\disk_model.cpp:736:24: warning: function 'validateInventory' has cognitive complexity of 35 (threshold 25) [readability-function-cognitive-complexity]
  736 | std::vector<DiskIssue> validateInventory(const std::vector<PhysicalDisk>& disks) {
      |                        ^
D:\Project\MrProper\src\core\disk_model.cpp:739:5: note: +1, including nesting penalty of 0, nesting level increased to 1
  739 |     for (std::size_t i = 0; i < disks.size(); ++i) {
      |     ^
D:\Project\MrProper\src\core\disk_model.cpp:740:9: note: +2, including nesting penalty of 1, nesting level increased to 2
  740 |         for (std::size_t j = i + 1; j < disks.size(); ++j) {
      |         ^
D:\Project\MrProper\src\core\disk_model.cpp:741:13: note: +3, including nesting penalty of 2, nesting level increased to 3
  741 |             if (disks[i].number != disks[j].number) continue;
      |             ^
D:\Project\MrProper\src\core\disk_model.cpp:751:5: note: +1, including nesting penalty of 0, nesting level increased to 1
  751 |     for (const PhysicalDisk& disk : disks) {
      |     ^
D:\Project\MrProper\src\core\disk_model.cpp:752:9: note: +2, including nesting penalty of 1, nesting level increased to 2
  752 |         for (DiskIssue& issue : validateDisk(disk)) issues.push_back(std::move(issue));
      |         ^
D:\Project\MrProper\src\core\disk_model.cpp:758:12: note: nesting level increased to 1
  758 |     struct MountRef {
      |            ^
D:\Project\MrProper\src\core\disk_model.cpp:758:12: note: nesting level increased to 1
D:\Project\MrProper\src\core\disk_model.cpp:758:12: note: nesting level increased to 1
D:\Project\MrProper\src\core\disk_model.cpp:758:12: note: nesting level increased to 1
D:\Project\MrProper\src\core\disk_model.cpp:758:12: note: nesting level increased to 1
D:\Project\MrProper\src\core\disk_model.cpp:758:12: note: nesting level increased to 1
D:\Project\MrProper\src\core\disk_model.cpp:764:5: note: +1, including nesting penalty of 0, nesting level increased to 1
  764 |     for (const PhysicalDisk& disk : disks) {
      |     ^
D:\Project\MrProper\src\core\disk_model.cpp:765:9: note: +2, including nesting penalty of 1, nesting level increased to 2
  765 |         for (const Partition& partition : disk.partitions) {
      |         ^
D:\Project\MrProper\src\core\disk_model.cpp:766:13: note: +3, including nesting penalty of 2, nesting level increased to 3
  766 |             if (!partition.hasVolume) continue;
      |             ^
D:\Project\MrProper\src\core\disk_model.cpp:767:13: note: +3, including nesting penalty of 2, nesting level increased to 3
  767 |             for (const std::string& mountPoint : partition.volume.mountPoints) {
      |             ^
D:\Project\MrProper\src\core\disk_model.cpp:770:17: note: +4, including nesting penalty of 3, nesting level increased to 4
  770 |                 if (ref.key.empty()) continue;
      |                 ^
D:\Project\MrProper\src\core\disk_model.cpp:777:45: note: nesting level increased to 1
  777 |     std::sort(mounts.begin(), mounts.end(), [](const MountRef& a, const MountRef& b) { return a.key < b.key; });
      |                                             ^
D:\Project\MrProper\src\core\disk_model.cpp:778:5: note: +1, including nesting penalty of 0, nesting level increased to 1
  778 |     for (std::size_t i = 1; i < mounts.size(); ++i) {
      |     ^
D:\Project\MrProper\src\core\disk_model.cpp:779:9: note: +2, including nesting penalty of 1, nesting level increased to 2
  779 |         if (mounts[i].key != mounts[i - 1].key) continue;
      |         ^
D:\Project\MrProper\src\core\disk_model.cpp:795:12: note: nesting level increased to 1
  795 |     struct GuidRef {
      |            ^
D:\Project\MrProper\src\core\disk_model.cpp:795:12: note: nesting level increased to 1
D:\Project\MrProper\src\core\disk_model.cpp:795:12: note: nesting level increased to 1
D:\Project\MrProper\src\core\disk_model.cpp:795:12: note: nesting level increased to 1
D:\Project\MrProper\src\core\disk_model.cpp:795:12: note: nesting level increased to 1
D:\Project\MrProper\src\core\disk_model.cpp:795:12: note: nesting level increased to 1
D:\Project\MrProper\src\core\disk_model.cpp:801:5: note: +1, including nesting penalty of 0, nesting level increased to 1
  801 |     for (const PhysicalDisk& disk : disks) {
      |     ^
D:\Project\MrProper\src\core\disk_model.cpp:802:9: note: +2, including nesting penalty of 1, nesting level increased to 2
  802 |         for (const Partition& partition : disk.partitions) {
      |         ^
D:\Project\MrProper\src\core\disk_model.cpp:803:13: note: +3, including nesting penalty of 2, nesting level increased to 3
  803 |             if (!partition.hasVolume || partition.volume.volumeGuidPath.empty()) continue;
      |             ^
D:\Project\MrProper\src\core\disk_model.cpp:803:38: note: +1
  803 |             if (!partition.hasVolume || partition.volume.volumeGuidPath.empty()) continue;
      |                                      ^
D:\Project\MrProper\src\core\disk_model.cpp:811:43: note: nesting level increased to 1
  811 |     std::sort(guids.begin(), guids.end(), [](const GuidRef& a, const GuidRef& b) { return a.key < b.key; });
      |                                           ^
D:\Project\MrProper\src\core\disk_model.cpp:812:5: note: +1, including nesting penalty of 0, nesting level increased to 1
  812 |     for (std::size_t i = 1; i < guids.size(); ++i) {
      |     ^
D:\Project\MrProper\src\core\disk_model.cpp:813:9: note: +2, including nesting penalty of 1, nesting level increased to 2
  813 |         if (guids[i].key != guids[i - 1].key) continue;
      |         ^
D:\Project\MrProper\src\core\disk_model.cpp:736:24: warning: function 'validateInventory' exceeds recommended size/complexity thresholds [readability-function-size]
  736 | std::vector<DiskIssue> validateInventory(const std::vector<PhysicalDisk>& disks) {
      |                        ^
D:\Project\MrProper\src\core\disk_model.cpp:736:24: note: 98 statements (threshold 60)
D:\Project\MrProper\src\core\glob.cpp:99:6: warning: function 'matchHere' has cognitive complexity of 56 (threshold 25) [readability-function-cognitive-complexity]
   99 | bool matchHere(std::string_view pat, std::string_view str, CaseMode mode) {
      |      ^
D:\Project\MrProper\src\core\glob.cpp:100:5: note: +1, including nesting penalty of 0, nesting level increased to 1
  100 |     if (pat.empty()) return str.empty();
      |     ^
D:\Project\MrProper\src\core\glob.cpp:101:5: note: +1, including nesting penalty of 0, nesting level increased to 1
  101 |     if (str.empty()) return matchesEmptyTail(pat);
      |     ^
D:\Project\MrProper\src\core\glob.cpp:104:5: note: +1, including nesting penalty of 0, nesting level increased to 1
  104 |     if (pc == '*') {
      |     ^
D:\Project\MrProper\src\core\glob.cpp:107:9: note: +2, including nesting penalty of 1, nesting level increased to 2
  107 |         while (np < pat.size() && pat[np] == '*') {
      |         ^
D:\Project\MrProper\src\core\glob.cpp:107:32: note: +1
  107 |         while (np < pat.size() && pat[np] == '*') {
      |                                ^
D:\Project\MrProper\src\core\glob.cpp:112:9: note: +2, including nesting penalty of 1, nesting level increased to 2
  112 |         if (dstar && np < pat.size() && isSep(pat[np])) {
      |         ^
D:\Project\MrProper\src\core\glob.cpp:112:38: note: +1
  112 |         if (dstar && np < pat.size() && isSep(pat[np])) {
      |                                      ^
D:\Project\MrProper\src\core\glob.cpp:113:13: note: +3, including nesting penalty of 2, nesting level increased to 3
  113 |             if (matchHere(pat.substr(np + 1), str, mode)) return true;
      |             ^
D:\Project\MrProper\src\core\glob.cpp:118:9: note: +2, including nesting penalty of 1, nesting level increased to 2
  118 |         if (dstar && rest.empty()) return true;
      |         ^
D:\Project\MrProper\src\core\glob.cpp:118:19: note: +1
  118 |         if (dstar && rest.empty()) return true;
      |                   ^
D:\Project\MrProper\src\core\glob.cpp:119:9: note: +2, including nesting penalty of 1, nesting level increased to 2
  119 |         if (dstar) {
      |         ^
D:\Project\MrProper\src\core\glob.cpp:122:13: note: +3, including nesting penalty of 2, nesting level increased to 3
  122 |             if (matchHere(rest, str, mode)) return true;
      |             ^
D:\Project\MrProper\src\core\glob.cpp:123:13: note: +3, including nesting penalty of 2, nesting level increased to 3
  123 |             for (size_t k = 0; k < str.size(); ++k) {
      |             ^
D:\Project\MrProper\src\core\glob.cpp:124:17: note: +4, including nesting penalty of 3, nesting level increased to 4
  124 |                 if (!isSep(str[k])) continue;
      |                 ^
D:\Project\MrProper\src\core\glob.cpp:125:17: note: +4, including nesting penalty of 3, nesting level increased to 4
  125 |                 if (matchHere(rest, str.substr(k), mode)) return true;
      |                 ^
D:\Project\MrProper\src\core\glob.cpp:126:17: note: +4, including nesting penalty of 3, nesting level increased to 4
  126 |                 if (matchHere(rest, str.substr(k + 1), mode)) return true;
      |                 ^
D:\Project\MrProper\src\core\glob.cpp:131:9: note: +2, including nesting penalty of 1, nesting level increased to 2
  131 |         for (size_t k = 0;; ++k) {
      |         ^
D:\Project\MrProper\src\core\glob.cpp:132:13: note: +3, including nesting penalty of 2, nesting level increased to 3
  132 |             if (matchHere(rest, str.substr(k), mode)) return true;
      |             ^
D:\Project\MrProper\src\core\glob.cpp:133:13: note: +3, including nesting penalty of 2, nesting level increased to 3
  133 |             if (k == str.size() || isSep(str[k])) return false;
      |             ^
D:\Project\MrProper\src\core\glob.cpp:133:33: note: +1
  133 |             if (k == str.size() || isSep(str[k])) return false;
      |                                 ^
D:\Project\MrProper\src\core\glob.cpp:137:5: note: +1, including nesting penalty of 0, nesting level increased to 1
  137 |     if (str.empty()) return false;
      |     ^
D:\Project\MrProper\src\core\glob.cpp:139:5: note: +1, including nesting penalty of 0, nesting level increased to 1
  139 |     if (pc == '?') {
      |     ^
D:\Project\MrProper\src\core\glob.cpp:140:9: note: +2, including nesting penalty of 1, nesting level increased to 2
  140 |         if (isSep(str[0])) return false;
      |         ^
D:\Project\MrProper\src\core\glob.cpp:144:5: note: +1, including nesting penalty of 0, nesting level increased to 1
  144 |     if (pc == '[') {
      |     ^
D:\Project\MrProper\src\core\glob.cpp:147:9: note: +2, including nesting penalty of 1, nesting level increased to 2
  147 |         if (!parseClass(pat, q, cls)) {
      |         ^
D:\Project\MrProper\src\core\glob.cpp:149:34: note: +1
  149 |             return str[0] == '[' && matchHere(pat.substr(1), str.substr(1), mode);
      |                                  ^
D:\Project\MrProper\src\core\glob.cpp:151:9: note: +2, including nesting penalty of 1, nesting level increased to 2
  151 |         if (isSep(str[0]) || !inClass(cls, str[0])) return false;
      |         ^
D:\Project\MrProper\src\core\glob.cpp:151:27: note: +1
  151 |         if (isSep(str[0]) || !inClass(cls, str[0])) return false;
      |                           ^
D:\Project\MrProper\src\core\glob.cpp:155:5: note: +1, including nesting penalty of 0, nesting level increased to 1
  155 |     if (fold(str[0], mode) != fold(pc, mode)) return false;
      |     ^
D:\Project\MrProper\src\core\glob.cpp:99:6: warning: function 'matchHere' exceeds recommended size/complexity thresholds [readability-function-size]
   99 | bool matchHere(std::string_view pat, std::string_view str, CaseMode mode) {
      |      ^
D:\Project\MrProper\src\core\glob.cpp:99:6: note: 76 statements (threshold 60)
D:\Project\MrProper\src\core\i18n.cpp:180:30: warning: avoid repeating the return type from the declaration; use a braced initializer list instead [modernize-return-braced-init-list]
  180 |     if (written <= 0) return std::string();
      |                              ^~~~~~~~~~~~~
      |                              {}
D:\Project\MrProper\src\core\i18n.cpp:296:38: warning: avoid repeating the return type from the declaration; use a braced initializer list instead [modernize-return-braced-init-list]
  296 |     if (it == entries_.end()) return std::string();
      |                                      ^~~~~~~~~~~~~
      |                                      {}
D:\Project\MrProper\src\core\json.cpp:129:45: warning: avoid repeating the return type from the declaration; use a braced initializer list instead [modernize-return-braced-init-list]
  129 |                 if (literal("null")) return Value();
      |                                             ^~~~~~~
      |                                             {}
D:\Project\MrProper\src\core\json.cpp:339:13: warning: function 'dumpTo' has cognitive complexity of 32 (threshold 25) [readability-function-cognitive-complexity]
  339 | void Value::dumpTo(std::string& out, int indent, int depth) const {
      |             ^
D:\Project\MrProper\src\core\json.cpp:341:36: note: +1, including nesting penalty of 0, nesting level increased to 1
  341 |     const std::string pad = pretty ? std::string(static_cast<size_t>(indent * (depth + 1)), ' ') : std::string();
      |                                    ^
D:\Project\MrProper\src\core\json.cpp:342:39: note: +1, including nesting penalty of 0, nesting level increased to 1
  342 |     const std::string padEnd = pretty ? std::string(static_cast<size_t>(indent * depth), ' ') : std::string();
      |                                       ^
D:\Project\MrProper\src\core\json.cpp:344:5: note: +1, including nesting penalty of 0, nesting level increased to 1
  344 |     switch (type_) {
      |     ^
D:\Project\MrProper\src\core\json.cpp:346:39: note: +2, including nesting penalty of 1, nesting level increased to 2
  346 |         case Type::Bool: out += bool_ ? "true" : "false"; break;
      |                                       ^
D:\Project\MrProper\src\core\json.cpp:350:13: note: +2, including nesting penalty of 1, nesting level increased to 2
  350 |             if (arr_.empty()) {
      |             ^
D:\Project\MrProper\src\core\json.cpp:356:13: note: +2, including nesting penalty of 1, nesting level increased to 2
  356 |             for (const auto& item : arr_) {
      |             ^
D:\Project\MrProper\src\core\json.cpp:357:17: note: +3, including nesting penalty of 2, nesting level increased to 3
  357 |                 if (!first) out += ',';
      |                 ^
D:\Project\MrProper\src\core\json.cpp:359:17: note: +3, including nesting penalty of 2, nesting level increased to 3
  359 |                 if (pretty) {
      |                 ^
D:\Project\MrProper\src\core\json.cpp:365:13: note: +2, including nesting penalty of 1, nesting level increased to 2
  365 |             if (pretty) {
      |             ^
D:\Project\MrProper\src\core\json.cpp:373:13: note: +2, including nesting penalty of 1, nesting level increased to 2
  373 |             if (obj_.empty()) {
      |             ^
D:\Project\MrProper\src\core\json.cpp:379:13: note: +2, including nesting penalty of 1, nesting level increased to 2
  379 |             for (const auto& [key, value] : obj_) {
      |             ^
D:\Project\MrProper\src\core\json.cpp:380:17: note: +3, including nesting penalty of 2, nesting level increased to 3
  380 |                 if (!first) out += ',';
      |                 ^
D:\Project\MrProper\src\core\json.cpp:382:17: note: +3, including nesting penalty of 2, nesting level increased to 3
  382 |                 if (pretty) {
      |                 ^
D:\Project\MrProper\src\core\json.cpp:387:31: note: +3, including nesting penalty of 2, nesting level increased to 3
  387 |                 out += pretty ? ": " : ":";
      |                               ^
D:\Project\MrProper\src\core\json.cpp:390:13: note: +2, including nesting penalty of 1, nesting level increased to 2
  390 |             if (pretty) {
      |             ^
D:\Project\MrProper\src\core\json.cpp:339:13: warning: function 'dumpTo' exceeds recommended size/complexity thresholds [readability-function-size]
  339 | void Value::dumpTo(std::string& out, int indent, int depth) const {
      |             ^
D:\Project\MrProper\src\core\json.cpp:339:13: note: 65 statements (threshold 60)
D:\Project\MrProper\src\core\log.cpp:235:6: warning: an exception may be thrown in function 'logLevelFromString' which should not throw exceptions [bugprone-exception-escape]
  235 | bool logLevelFromString(std::string_view text, LogLevel& out) noexcept {
      |      ^
D:\Project\MrProper\src\core\log.cpp:240:26: warning: statement should be inside braces [readability-braces-around-statements]
  240 |     if (lower == "trace") out = LogLevel::Trace;
      |                          ^
      |                           {
  241 |     else if (lower == "debug") out = LogLevel::Debug;
      |     } 
D:\Project\MrProper\src\core\log.cpp:241:31: warning: statement should be inside braces [readability-braces-around-statements]
  241 |     else if (lower == "debug") out = LogLevel::Debug;
      |                               ^
      |                                {
  242 |     else if (lower == "info") out = LogLevel::Info;
      |     } 
D:\Project\MrProper\src\core\log.cpp:242:30: warning: statement should be inside braces [readability-braces-around-statements]
  242 |     else if (lower == "info") out = LogLevel::Info;
      |                              ^
      |                               {
  243 |     else if (lower == "warn" || lower == "warning") out = LogLevel::Warn;
      |     } 
D:\Project\MrProper\src\core\log.cpp:243:52: warning: statement should be inside braces [readability-braces-around-statements]
  243 |     else if (lower == "warn" || lower == "warning") out = LogLevel::Warn;
      |                                                    ^
      |                                                     {
  244 |     else if (lower == "error" || lower == "err") out = LogLevel::Error;
      |     } 
D:\Project\MrProper\src\core\log.cpp:244:49: warning: statement should be inside braces [readability-braces-around-statements]
  244 |     else if (lower == "error" || lower == "err") out = LogLevel::Error;
      |                                                 ^
      |                                                  {
  245 |     else if (lower == "off" || lower == "none") out = LogLevel::Off;
      |     } 
D:\Project\MrProper\src\core\log.cpp:245:48: warning: statement should be inside braces [readability-braces-around-statements]
  245 |     else if (lower == "off" || lower == "none") out = LogLevel::Off;
      |                                                ^
      |                                                 {
  246 |     else return false;
      |     } 
D:\Project\MrProper\src\core\log.cpp:246:9: warning: statement should be inside braces [readability-braces-around-statements]
  246 |     else return false;
      |         ^             
      |          {
D:\Project\MrProper\src\core\log.cpp:653:6: warning: an exception may be thrown in function 'logFailure' which should not throw exceptions [bugprone-exception-escape]
  653 | void logFailure(std::string_view event, std::string_view message, std::string_view path, std::int64_t hresult,
      |      ^
D:\Project\MrProper\src\core\plan.cpp:342:19: warning: function 'decideCandidate' has cognitive complexity of 33 (threshold 25) [readability-function-cognitive-complexity]
  342 | SelectionDecision decideCandidate(const CleanupCandidate& candidate, const PlanOptions& options,
      |                   ^
D:\Project\MrProper\src\core\plan.cpp:349:5: note: +1, including nesting penalty of 0, nesting level increased to 1
  349 |     if (!candidate.lockedBy.empty()) {
      |     ^
D:\Project\MrProper\src\core\plan.cpp:360:5: note: +1, including nesting penalty of 0, nesting level increased to 1
  360 |     if (manifest != nullptr && manifest->estimateOnly) {
      |     ^
D:\Project\MrProper\src\core\plan.cpp:360:29: note: +1
  360 |     if (manifest != nullptr && manifest->estimateOnly) {
      |                             ^
D:\Project\MrProper\src\core\plan.cpp:367:5: note: +1, including nesting penalty of 0, nesting level increased to 1
  367 |     if (candidate.safety == SafetyLevel::Risky && !options.allowRisky) {
      |     ^
D:\Project\MrProper\src\core\plan.cpp:367:48: note: +1
  367 |     if (candidate.safety == SafetyLevel::Risky && !options.allowRisky) {
      |                                                ^
D:\Project\MrProper\src\core\plan.cpp:376:47: note: +1, including nesting penalty of 0, nesting level increased to 1
  376 |     const bool userData = manifest != nullptr ? manifest->userData : isUserDataCategory(candidate.category);
      |                                               ^
D:\Project\MrProper\src\core\plan.cpp:377:60: note: +1, including nesting penalty of 0, nesting level increased to 1
  377 |     const std::uint64_t minFileBytes = manifest != nullptr ? manifest->minFileBytes : 0;
      |                                                            ^
D:\Project\MrProper\src\core\plan.cpp:378:5: note: +1, including nesting penalty of 0, nesting level increased to 1
  378 |     if (userData && minFileBytes == 0) {
      |     ^
D:\Project\MrProper\src\core\plan.cpp:378:18: note: +1
  378 |     if (userData && minFileBytes == 0) {
      |                  ^
D:\Project\MrProper\src\core\plan.cpp:391:5: note: +1, including nesting penalty of 0, nesting level increased to 1
  391 |     if (manifest == nullptr || !manifest->deletable()) {
      |     ^
D:\Project\MrProper\src\core\plan.cpp:391:29: note: +1
  391 |     if (manifest == nullptr || !manifest->deletable()) {
      |                             ^
D:\Project\MrProper\src\core\plan.cpp:394:31: note: +2, including nesting penalty of 1, nesting level increased to 2
  394 |                               ? manifest->blockReason()
      |                               ^
D:\Project\MrProper\src\core\plan.cpp:400:5: note: +1, including nesting penalty of 0, nesting level increased to 1
  400 |     if (options.minReclaimBytes != 0 && candidate.allocatedBytes < options.minReclaimBytes) {
      |     ^
D:\Project\MrProper\src\core\plan.cpp:400:38: note: +1
  400 |     if (options.minReclaimBytes != 0 && candidate.allocatedBytes < options.minReclaimBytes) {
      |                                      ^
D:\Project\MrProper\src\core\plan.cpp:408:5: note: +1, including nesting penalty of 0, nesting level increased to 1
  408 |     switch (options.profile) {
      |     ^
D:\Project\MrProper\src\core\plan.cpp:412:13: note: +2, including nesting penalty of 1, nesting level increased to 2
  412 |             if (candidate.safety != SafetyLevel::Safe) {
      |             ^
D:\Project\MrProper\src\core\plan.cpp:427:13: note: +2, including nesting penalty of 1, nesting level increased to 2
  427 |             if (candidate.safety == SafetyLevel::Risky && options.allowRisky) break;
      |             ^
D:\Project\MrProper\src\core\plan.cpp:427:56: note: +1
  427 |             if (candidate.safety == SafetyLevel::Risky && options.allowRisky) break;
      |                                                        ^
D:\Project\MrProper\src\core\plan.cpp:428:13: note: +2, including nesting penalty of 1, nesting level increased to 2
  428 |             if (safetyRank(candidate.safety) > safetyRank(options.maxDefaultSafety)) {
      |             ^
D:\Project\MrProper\src\core\plan.cpp:433:40: note: +3, including nesting penalty of 2, nesting level increased to 3
  433 |                 decision.skip = review ? SkipReason::ReviewOffByDefault : SkipReason::ProfileFiltered;
      |                                        ^
D:\Project\MrProper\src\core\plan.cpp:445:5: note: +1, including nesting penalty of 0, nesting level increased to 1
  445 |     if (options.profile != SelectionProfile::Everything && candidate.confidence < threshold) {
      |     ^
D:\Project\MrProper\src\core\plan.cpp:445:57: note: +1
  445 |     if (options.profile != SelectionProfile::Everything && candidate.confidence < threshold) {
      |                                                         ^
D:\Project\MrProper\src\core\plan.cpp:457:5: note: +1, including nesting penalty of 0, nesting level increased to 1
  457 |     if (userData) {
      |     ^
D:\Project\MrProper\src\core\plan.cpp:461:12: note: +1, nesting level increased to 1
  461 |     } else if (options.useTrash && candidate.allocatedBytes <= options.trashDirectDeleteAboveBytes) {
      |            ^
D:\Project\MrProper\src\core\plan.cpp:461:33: note: +1
  461 |     } else if (options.useTrash && candidate.allocatedBytes <= options.trashDirectDeleteAboveBytes) {
      |                                 ^
D:\Project\MrProper\src\core\plan.cpp:464:12: note: +1, nesting level increased to 1
  464 |     } else if (options.useTrash) {
      |            ^
D:\Project\MrProper\src\core\plan.cpp:468:7: note: +1, nesting level increased to 1
  468 |     } else {
      |       ^
D:\Project\MrProper\src\core\plan.cpp:342:19: warning: function 'decideCandidate' exceeds recommended size/complexity thresholds [readability-function-size]
  342 | SelectionDecision decideCandidate(const CleanupCandidate& candidate, const PlanOptions& options,
      |                   ^
D:\Project\MrProper\src\core\plan.cpp:342:19: note: 130 lines including whitespace and comments (threshold 120)
D:\Project\MrProper\src\core\plan.cpp:342:19: note: 76 statements (threshold 60)
D:\Project\MrProper\src\core\plan.cpp:475:13: warning: function 'buildPlan' exceeds recommended size/complexity thresholds [readability-function-size]
  475 | CleanupPlan buildPlan(const std::vector<CleanupCandidate>& candidates, const PlanOptions& options,
      |             ^
D:\Project\MrProper\src\core\plan.cpp:475:13: note: 68 statements (threshold 60)
D:\Project\MrProper\src\core\plan.cpp:646:14: warning: function 'makeDryRunReport' exceeds recommended size/complexity thresholds [readability-function-size]
  646 | DryRunReport makeDryRunReport(const std::vector<CleanupCandidate>& candidates, const CleanupPlan& plan) {
      |              ^
D:\Project\MrProper\src\core\plan.cpp:646:14: note: 66 statements (threshold 60)
D:\Project\MrProper\src\core\plan.cpp:743:62: warning: use emplace_back instead of push_back [modernize-use-emplace]
  743 |         for (const std::string& line : op.evidence) evidence.push_back(Value(line));
      |                                                              ^~~~~~~~~~~~~~~~    ~
      |                                                              emplace_back(
D:\Project\MrProper\src\core\plan.cpp:746:65: warning: use emplace_back instead of push_back [modernize-use-emplace]
  746 |         for (const std::string& path : op.allowedPaths) allowed.push_back(Value(path));
      |                                                                 ^~~~~~~~~~~~~~~~    ~
      |                                                                 emplace_back(
D:\Project\MrProper\src\core\plan.cpp:879:26: warning: function 'validatePlan' has cognitive complexity of 48 (threshold 25) [readability-function-cognitive-complexity]
  879 | std::vector<std::string> validatePlan(const std::vector<CleanupCandidate>& candidates, const CleanupPlan& plan) {
      |                          ^
D:\Project\MrProper\src\core\plan.cpp:881:5: note: +1, including nesting penalty of 0, nesting level increased to 1
  881 |     if (plan.items.size() != candidates.size()) {
      |     ^
D:\Project\MrProper\src\core\plan.cpp:888:5: note: +1, including nesting penalty of 0, nesting level increased to 1
  888 |     for (std::size_t i = 0; i < plan.items.size(); ++i) {
      |     ^
D:\Project\MrProper\src\core\plan.cpp:891:9: note: +2, including nesting penalty of 1, nesting level increased to 2
  891 |         if (item.candidateIndex != i) {
      |         ^
D:\Project\MrProper\src\core\plan.cpp:895:9: note: +2, including nesting penalty of 1, nesting level increased to 2
  895 |         if (item.action == PlanAction::SkipLocked && candidate.lockedBy.empty()) {
      |         ^
D:\Project\MrProper\src\core\plan.cpp:895:51: note: +1
  895 |         if (item.action == PlanAction::SkipLocked && candidate.lockedBy.empty()) {
      |                                                   ^
D:\Project\MrProper\src\core\plan.cpp:898:9: note: +2, including nesting penalty of 1, nesting level increased to 2
  898 |         if (isRemovableAction(item.action)) {
      |         ^
D:\Project\MrProper\src\core\plan.cpp:899:13: note: +3, including nesting penalty of 2, nesting level increased to 3
  899 |             if (item.reclaimBytes != candidate.allocatedBytes) {
      |             ^
D:\Project\MrProper\src\core\plan.cpp:904:13: note: +3, including nesting penalty of 2, nesting level increased to 3
  904 |             if (!candidate.lockedBy.empty()) {
      |             ^
D:\Project\MrProper\src\core\plan.cpp:912:13: note: +3, including nesting penalty of 2, nesting level increased to 3
  912 |             if (manifest == nullptr) {
      |             ^
D:\Project\MrProper\src\core\plan.cpp:915:20: note: +1, nesting level increased to 3
  915 |             } else if (!manifest->deletable()) {
      |                    ^
D:\Project\MrProper\src\core\plan.cpp:918:20: note: +1, nesting level increased to 3
  918 |             } else if (!manifest->rootDeleteAllowed && manifest->allowed != nullptr) {
      |                    ^
D:\Project\MrProper\src\core\plan.cpp:918:53: note: +1
  918 |             } else if (!manifest->rootDeleteAllowed && manifest->allowed != nullptr) {
      |                                                     ^
D:\Project\MrProper\src\core\plan.cpp:921:17: note: +4, including nesting penalty of 3, nesting level increased to 4
  921 |                 for (const AllowedEntry& entry : allowed.entries) {
      |                 ^
D:\Project\MrProper\src\core\plan.cpp:923:21: note: +5, including nesting penalty of 4, nesting level increased to 5
  923 |                     if (!insideRoot(candidate.path, entry.path)) {
      |                     ^
D:\Project\MrProper\src\core\plan.cpp:927:21: note: +5, including nesting penalty of 4, nesting level increased to 5
  927 |                     if (entry.allocatedBytes < manifest->minFileBytes) {
      |                     ^
D:\Project\MrProper\src\core\plan.cpp:933:17: note: +4, including nesting penalty of 3, nesting level increased to 4
  933 |                 if (sum != candidate.allocatedBytes) {
      |                 ^
D:\Project\MrProper\src\core\plan.cpp:943:16: note: +1, nesting level increased to 2
  943 |         } else if (item.reclaimBytes != 0) {
      |                ^
D:\Project\MrProper\src\core\plan.cpp:947:9: note: +2, including nesting penalty of 1, nesting level increased to 2
  947 |         if (candidate.confidence < 0 || candidate.confidence > 100) {
      |         ^
D:\Project\MrProper\src\core\plan.cpp:947:38: note: +1
  947 |         if (candidate.confidence < 0 || candidate.confidence > 100) {
      |                                      ^
D:\Project\MrProper\src\core\plan.cpp:953:5: note: +1, including nesting penalty of 0, nesting level increased to 1
  953 |     if (selectedSum != plan.totals.selectedBytes) {
      |     ^
D:\Project\MrProper\src\core\plan.cpp:958:5: note: +1, including nesting penalty of 0, nesting level increased to 1
  958 |     for (const CleanupPlanItem& item : plan.items) {
      |     ^
D:\Project\MrProper\src\core\plan.cpp:959:9: note: +2, including nesting penalty of 1, nesting level increased to 2
  959 |         if (isRemovableAction(item.action)) ++selectedCount;
      |         ^
D:\Project\MrProper\src\core\plan.cpp:961:5: note: +1, including nesting penalty of 0, nesting level increased to 1
  961 |     if (selectedCount != plan.totals.selectedCount) {
      |     ^
D:\Project\MrProper\src\core\plan.cpp:879:26: warning: function 'validatePlan' exceeds recommended size/complexity thresholds [readability-function-size]
  879 | std::vector<std::string> validatePlan(const std::vector<CleanupCandidate>& candidates, const CleanupPlan& plan) {
      |                          ^
D:\Project\MrProper\src\core\plan.cpp:879:26: note: 71 statements (threshold 60)
D:\Project\MrProper\src\core\report_html.cpp:484:5: warning: the value returned by this function should not be disregarded; neglecting it may lead to errors [cert-err33-c]
  484 |     std::snprintf(buf, sizeof(buf), "%0*lld", width, static_cast<long long>(value));
      |     ^~~~~~~~~~~~~~~~~~~~~~~~~~~~~~~~~~~~~~~~~~~~~~~~~~~~~~~~~~~~~~~~~~~~~~~~~~~~~~~
D:\Project\MrProper\src\core\report_html.cpp:484:5: note: cast the expression to void to silence this warning
D:\Project\MrProper\src\core\report_html.cpp:485:12: warning: avoid repeating the return type from the declaration; use a braced initializer list instead [modernize-return-braced-init-list]
  485 |     return std::string(buf);
      |            ^
D:\Project\MrProper\src\core\report_html.cpp:826:6: warning: function 'renderDisks' has cognitive complexity of 40 (threshold 25) [readability-function-cognitive-complexity]
  826 | void renderDisks(std::string& out, const HtmlReportInput& in, const HtmlReportOptions& opt, const Labels& labels) {
      |      ^
D:\Project\MrProper\src\core\report_html.cpp:833:5: note: +1, including nesting penalty of 0, nesting level increased to 1
  833 |     if (in.disks.empty()) {
      |     ^
D:\Project\MrProper\src\core\report_html.cpp:840:5: note: +1, including nesting penalty of 0, nesting level increased to 1
  840 |     for (const PhysicalDisk& disk : in.disks) {
      |     ^
D:\Project\MrProper\src\core\report_html.cpp:844:40: note: +2, including nesting penalty of 1, nesting level increased to 2
  844 |                                        ? maskSerialNumber(disk.serial, opt.keepSerialEdges, opt.serialMaskChar)
      |                                        ^
D:\Project\MrProper\src\core\report_html.cpp:851:9: note: +2, including nesting penalty of 1, nesting level increased to 2
  851 |         if (!disk.model.empty()) {
      |         ^
D:\Project\MrProper\src\core\report_html.cpp:857:9: note: +2, including nesting penalty of 1, nesting level increased to 2
  857 |         if (opt.showPartitionMap) renderPartitionMap(out, disk, opt.language, labels);
      |         ^
D:\Project\MrProper\src\core\report_html.cpp:860:9: note: +2, including nesting penalty of 1, nesting level increased to 2
  860 |         if (!disk.devicePath.empty()) {
      |         ^
D:\Project\MrProper\src\core\report_html.cpp:881:44: note: +2, including nesting penalty of 1, nesting level increased to 2
  881 |                    "<td>" + (flags.empty() ? cellText(std::string()) : flags) + "</td>"});
      |                                            ^
D:\Project\MrProper\src\core\report_html.cpp:900:9: note: +2, including nesting penalty of 1, nesting level increased to 2
  900 |         for (const Partition& part : disk.partitions) {
      |         ^
D:\Project\MrProper\src\core\report_html.cpp:902:13: note: +3, including nesting penalty of 2, nesting level increased to 3
  902 |             if (part.hasVolume) {
      |             ^
D:\Project\MrProper\src\core\report_html.cpp:903:17: note: +4, including nesting penalty of 3, nesting level increased to 4
  903 |                 for (std::size_t i = 0; i < part.volume.mountPoints.size(); ++i) {
      |                 ^
D:\Project\MrProper\src\core\report_html.cpp:904:21: note: +5, including nesting penalty of 4, nesting level increased to 5
  904 |                     if (i != 0) mounts += "<br>";
      |                     ^
D:\Project\MrProper\src\core\report_html.cpp:908:13: note: +3, including nesting penalty of 2, nesting level increased to 3
  908 |             if (mounts.empty()) mounts = escapeHtml(kUnknown);
      |             ^
D:\Project\MrProper\src\core\report_html.cpp:911:13: note: +3, including nesting penalty of 2, nesting level increased to 3
  911 |             if (part.hasVolume && part.volume.totalBytes > 0) {
      |             ^
D:\Project\MrProper\src\core\report_html.cpp:911:32: note: +1
  911 |             if (part.hasVolume && part.volume.totalBytes > 0) {
      |                                ^
D:\Project\MrProper\src\core\report_html.cpp:916:15: note: +1, nesting level increased to 3
  916 |             } else {
      |               ^
D:\Project\MrProper\src\core\report_html.cpp:921:13: note: +3, including nesting penalty of 2, nesting level increased to 3
  921 |             if (disk.sizeBytes > 0) {
      |             ^
D:\Project\MrProper\src\core\report_html.cpp:929:13: note: +3, including nesting penalty of 2, nesting level increased to 3
  929 |             if (part.hasVolume) {
      |             ^
D:\Project\MrProper\src\core\report_html.cpp:826:6: warning: function 'renderDisks' exceeds recommended size/complexity thresholds [readability-function-size]
  826 | void renderDisks(std::string& out, const HtmlReportInput& in, const HtmlReportOptions& opt, const Labels& labels) {
      |      ^
D:\Project\MrProper\src\core\report_html.cpp:826:6: note: 129 lines including whitespace and comments (threshold 120)
D:\Project\MrProper\src\core\report_html.cpp:826:6: note: 96 statements (threshold 60)
D:\Project\MrProper\src\core\report_html.cpp:957:6: warning: function 'renderCandidates' has cognitive complexity of 36 (threshold 25) [readability-function-cognitive-complexity]
  957 | void renderCandidates(std::string& out, const HtmlReportInput& in, const HtmlReportOptions& opt, const Labels& labels) {
      |      ^
D:\Project\MrProper\src\core\report_html.cpp:964:5: note: +1, including nesting penalty of 0, nesting level increased to 1
  964 |     if (in.candidates.empty()) {
      |     ^
D:\Project\MrProper\src\core\report_html.cpp:981:5: note: +1, including nesting penalty of 0, nesting level increased to 1
  981 |     if (opt.showReasons) appendHeaderCell(out, labels.colWhy, false);
      |     ^
D:\Project\MrProper\src\core\report_html.cpp:985:5: note: +1, including nesting penalty of 0, nesting level increased to 1
  985 |     for (std::size_t index : order) {
      |     ^
D:\Project\MrProper\src\core\report_html.cpp:989:9: note: +2, including nesting penalty of 1, nesting level increased to 2
  989 |         if (in.generatedAtUnix > 0 && candidate.newestWrite > 0) {
      |         ^
D:\Project\MrProper\src\core\report_html.cpp:989:36: note: +1
  989 |         if (in.generatedAtUnix > 0 && candidate.newestWrite > 0) {
      |                                    ^
D:\Project\MrProper\src\core\report_html.cpp:991:11: note: +1, nesting level increased to 2
  991 |         } else {
      |           ^
D:\Project\MrProper\src\core\report_html.cpp:996:9: note: +2, including nesting penalty of 1, nesting level increased to 2
  996 |         if (opt.showReasons) {
      |         ^
D:\Project\MrProper\src\core\report_html.cpp:997:13: note: +3, including nesting penalty of 2, nesting level increased to 3
  997 |             for (std::size_t i = 0; i < candidate.reasons.size(); ++i) {
      |             ^
D:\Project\MrProper\src\core\report_html.cpp:998:17: note: +4, including nesting penalty of 3, nesting level increased to 4
  998 |                 if (i != 0) reasons += "<br>";
      |                 ^
D:\Project\MrProper\src\core\report_html.cpp:1001:13: note: +3, including nesting penalty of 2, nesting level increased to 3
 1001 |             if (reasons.empty()) reasons = escapeHtml(kUnknown);
      |             ^
D:\Project\MrProper\src\core\report_html.cpp:1005:9: note: +2, including nesting penalty of 1, nesting level increased to 2
 1005 |         for (const ProcessRef& process : candidate.lockedBy) {
      |         ^
D:\Project\MrProper\src\core\report_html.cpp:1006:13: note: +3, including nesting penalty of 2, nesting level increased to 3
 1006 |             if (!lockers.empty()) lockers += ", ";
      |             ^
D:\Project\MrProper\src\core\report_html.cpp:1007:56: note: +3, including nesting penalty of 2, nesting level increased to 3
 1007 |             lockers += escapeHtml(process.name.empty() ? std::to_string(process.pid) : process.name);
      |                                                        ^
D:\Project\MrProper\src\core\report_html.cpp:1009:9: note: +2, including nesting penalty of 1, nesting level increased to 2
 1009 |         if (lockers.empty()) lockers = escapeHtml(kUnknown);
      |         ^
D:\Project\MrProper\src\core\report_html.cpp:1014:49: note: +2, including nesting penalty of 1, nesting level increased to 2
 1014 |                         (candidate.path.empty() ? std::string(escapeHtml(kUnknown)) : escapeHtml(candidate.path)) +
      |                                                 ^
D:\Project\MrProper\src\core\report_html.cpp:1022:9: note: +2, including nesting penalty of 1, nesting level increased to 2
 1022 |         if (opt.showReasons) cells.push_back("<td>" + reasons + "</td>");
      |         ^
D:\Project\MrProper\src\core\report_html.cpp:1026:9: note: +2, including nesting penalty of 1, nesting level increased to 2
 1026 |         for (const std::string& cell : cells) out += cell;
      |         ^
D:\Project\MrProper\src\core\report_html.cpp:1032:5: note: +1, including nesting penalty of 0, nesting level increased to 1
 1032 |     if (order.size() < in.candidates.size()) {
      |     ^
D:\Project\MrProper\src\core\report_html.cpp:957:6: warning: function 'renderCandidates' exceeds recommended size/complexity thresholds [readability-function-size]
  957 | void renderCandidates(std::string& out, const HtmlReportInput& in, const HtmlReportOptions& opt, const Labels& labels) {
      |      ^
D:\Project\MrProper\src\core\report_html.cpp:957:6: note: 84 statements (threshold 60)
D:\Project\MrProper\src\core\report_html.cpp:1131:13: warning: the value returned by this function should not be disregarded; neglecting it may lead to errors [cert-err33-c]
 1131 |             std::snprintf(buf, sizeof(buf), "0x%08lX (%llu)", static_cast<unsigned long>(issue.code),
      |             ^~~~~~~~~~~~~~~~~~~~~~~~~~~~~~~~~~~~~~~~~~~~~~~~~~~~~~~~~~~~~~~~~~~~~~~~~~~~~~~~~~~~~~~~~
 1132 |                           static_cast<unsigned long long>(issue.code));
      |                           ~~~~~~~~~~~~~~~~~~~~~~~~~~~~~~~~~~~~~~~~~~~~
D:\Project\MrProper\src\core\report_html.cpp:1131:13: note: cast the expression to void to silence this warning
D:\Project\MrProper\src\core\report_html.cpp:1233:32: warning: avoid repeating the return type from the declaration; use a braced initializer list instead [modernize-return-braced-init-list]
 1233 |     if (serial.empty()) return std::string();
      |                                ^~~~~~~~~~~~~
      |                                {}
D:\Project\MrProper\src\core\report_html.cpp:1279:5: warning: the value returned by this function should not be disregarded; neglecting it may lead to errors [cert-err33-c]
 1279 |     std::snprintf(buf, sizeof(buf), "%.1f", static_cast<double>(milliseconds) / 1000.0);
      |     ^~~~~~~~~~~~~~~~~~~~~~~~~~~~~~~~~~~~~~~~~~~~~~~~~~~~~~~~~~~~~~~~~~~~~~~~~~~~~~~~~~~
D:\Project\MrProper\src\core\report_html.cpp:1279:5: note: cast the expression to void to silence this warning
D:\Project\MrProper\src\core\report_html.cpp:1342:56: warning: avoid repeating the return type from the declaration; use a braced initializer list instead [modernize-return-braced-init-list]
 1342 |     if (pos >= html.size() || html[pos] != '=') return std::string();
      |                                                        ^~~~~~~~~~~~~
      |                                                        {}
D:\Project\MrProper\src\core\report_html.cpp:1344:36: warning: avoid repeating the return type from the declaration; use a braced initializer list instead [modernize-return-braced-init-list]
 1344 |     if (pos >= html.size()) return std::string();
      |                                    ^~~~~~~~~~~~~
      |                                    {}
D:\Project\MrProper\src\core\report_html.cpp:1350:51: warning: avoid repeating the return type from the declaration; use a braced initializer list instead [modernize-return-braced-init-list]
 1350 |         if (end == std::string_view::npos) return std::string();
      |                                                   ^~~~~~~~~~~~~
      |                                                   {}
D:\Project\MrProper\src\core\report_html.cpp:1389:13: warning: function 'findExternalReferences' has cognitive complexity of 59 (threshold 25) [readability-function-cognitive-complexity]
 1389 | std::string findExternalReferences(std::string_view html) {
      |             ^
D:\Project\MrProper\src\core\report_html.cpp:1395:5: note: +1, including nesting penalty of 0, nesting level increased to 1
 1395 |     while (pos < html.size()) {
      |     ^
D:\Project\MrProper\src\core\report_html.cpp:1397:9: note: +2, including nesting penalty of 1, nesting level increased to 2
 1397 |         if (tagStart == std::string_view::npos) break;
      |         ^
D:\Project\MrProper\src\core\report_html.cpp:1401:9: note: +2, including nesting penalty of 1, nesting level increased to 2
 1401 |         while (tagEnd < html.size()) {
      |         ^
D:\Project\MrProper\src\core\report_html.cpp:1403:13: note: +3, including nesting penalty of 2, nesting level increased to 3
 1403 |             if (quote != '\0') {
      |             ^
D:\Project\MrProper\src\core\report_html.cpp:1404:17: note: +4, including nesting penalty of 3, nesting level increased to 4
 1404 |                 if (c == quote) quote = '\0';
      |                 ^
D:\Project\MrProper\src\core\report_html.cpp:1405:20: note: +1, nesting level increased to 3
 1405 |             } else if (c == '"' || c == '\'') {
      |                    ^
D:\Project\MrProper\src\core\report_html.cpp:1405:33: note: +1
 1405 |             } else if (c == '"' || c == '\'') {
      |                                 ^
D:\Project\MrProper\src\core\report_html.cpp:1407:20: note: +1, nesting level increased to 3
 1407 |             } else if (c == '>') {
      |                    ^
D:\Project\MrProper\src\core\report_html.cpp:1412:9: note: +2, including nesting penalty of 1, nesting level increased to 2
 1412 |         if (tagEnd >= html.size()) break;  // незакрытый тег — разбирать нечего
      |         ^
D:\Project\MrProper\src\core\report_html.cpp:1415:9: note: +2, including nesting penalty of 1, nesting level increased to 2
 1415 |         for (const char* attribute : kResourceAttributes) {
      |         ^
D:\Project\MrProper\src\core\report_html.cpp:1418:13: note: +3, including nesting penalty of 2, nesting level increased to 3
 1418 |             while (at != std::string_view::npos) {
      |             ^
D:\Project\MrProper\src\core\report_html.cpp:1419:49: note: +1
 1419 |                 const bool boundaryOk = at == 0 || !isNameChar(tag[at - 1]);
      |                                                 ^
D:\Project\MrProper\src\core\report_html.cpp:1420:17: note: +4, including nesting penalty of 3, nesting level increased to 4
 1420 |                 if (boundaryOk) {
      |                 ^
D:\Project\MrProper\src\core\report_html.cpp:1422:21: note: +5, including nesting penalty of 4, nesting level increased to 5
 1422 |                     if (!isInternalTarget(value)) addUnique(found, std::string(attribute) + "=\"" + value + "\"");
      |                     ^
D:\Project\MrProper\src\core\report_html.cpp:1435:5: note: +1, including nesting penalty of 0, nesting level increased to 1
 1435 |     while (pos < html.size()) {
      |     ^
D:\Project\MrProper\src\core\report_html.cpp:1437:9: note: +2, including nesting penalty of 1, nesting level increased to 2
 1437 |         if (scheme == std::string_view::npos) break;
      |         ^
D:\Project\MrProper\src\core\report_html.cpp:1438:9: note: +2, including nesting penalty of 1, nesting level increased to 2
 1438 |         if (!insideXmlns(html, scheme)) {
      |         ^
D:\Project\MrProper\src\core\report_html.cpp:1440:73: note: +3, including nesting penalty of 2, nesting level increased to 3
 1440 |             const std::size_t begin = (start == std::string_view::npos) ? 0 : start + 1;
      |                                                                         ^
D:\Project\MrProper\src\core\report_html.cpp:1441:74: note: +3, including nesting penalty of 2, nesting level increased to 3
 1441 |             const std::size_t end = (scheme > 40 && begin < scheme - 40) ? scheme - 40 : begin;
      |                                                                          ^
D:\Project\MrProper\src\core\report_html.cpp:1441:50: note: +1
 1441 |             const std::size_t end = (scheme > 40 && begin < scheme - 40) ? scheme - 40 : begin;
      |                                                  ^
D:\Project\MrProper\src\core\report_html.cpp:1449:5: note: +1, including nesting penalty of 0, nesting level increased to 1
 1449 |     while (pos < html.size()) {
      |     ^
D:\Project\MrProper\src\core\report_html.cpp:1451:9: note: +2, including nesting penalty of 1, nesting level increased to 2
 1451 |         if (found2 == std::string_view::npos) break;
      |         ^
D:\Project\MrProper\src\core\report_html.cpp:1452:42: note: +2, including nesting penalty of 1, nesting level increased to 2
 1452 |         const char previous = found2 > 0 ? html[found2 - 1] : ' ';
      |                                          ^
D:\Project\MrProper\src\core\report_html.cpp:1453:52: note: +2, including nesting penalty of 1, nesting level increased to 2
 1453 |         const char next = found2 + 2 < html.size() ? html[found2 + 2] : ' ';
      |                                                    ^
D:\Project\MrProper\src\core\report_html.cpp:1456:63: note: +1
 1456 |                                    next != '>' && next != '"' && next != '\'';
      |                                                               ^
D:\Project\MrProper\src\core\report_html.cpp:1457:9: note: +2, including nesting penalty of 1, nesting level increased to 2
 1457 |         if (!isSchemeTail && looksLikeHost && !insideXmlns(html, found2)) {
      |         ^
D:\Project\MrProper\src\core\report_html.cpp:1457:44: note: +1
 1457 |         if (!isSchemeTail && looksLikeHost && !insideXmlns(html, found2)) {
      |                                            ^
D:\Project\MrProper\src\core\report_html.cpp:1466:5: note: +1, including nesting penalty of 0, nesting level increased to 1
 1466 |     for (std::size_t i = 0; i < shown; ++i) {
      |     ^
D:\Project\MrProper\src\core\report_html.cpp:1467:9: note: +2, including nesting penalty of 1, nesting level increased to 2
 1467 |         if (i != 0) out += "; ";
      |         ^
D:\Project\MrProper\src\core\report_html.cpp:1470:5: note: +1, including nesting penalty of 0, nesting level increased to 1
 1470 |     if (found.size() > shown) {
      |     ^
D:\Project\MrProper\src\core\report_html.cpp:1389:13: warning: function 'findExternalReferences' exceeds recommended size/complexity thresholds [readability-function-size]
 1389 | std::string findExternalReferences(std::string_view html) {
      |             ^
D:\Project\MrProper\src\core\report_html.cpp:1389:13: note: 90 statements (threshold 60)
D:\Project\MrProper\src\core\report_json.cpp:122:74: warning: use emplace_back instead of push_back [modernize-use-emplace]
  122 |     for (const std::string& mountPoint : volume.mountPoints) mountPoints.push_back(Value(mountPoint));
      |                                                                          ^~~~~~~~~~~~~~~~          ~
      |                                                                          emplace_back(
D:\Project\MrProper\src\core\report_json.cpp:241:65: warning: use emplace_back instead of push_back [modernize-use-emplace]
  241 |     for (const std::string& reason : candidate.reasons) reasons.push_back(Value(reason));
      |                                                                 ^~~~~~~~~~~~~~~~      ~
      |                                                                 emplace_back(
D:\Project\MrProper\src\core\report_json.cpp:446:50: warning: avoid repeating the return type from the declaration; use a braced initializer list instead [modernize-return-braced-init-list]
  446 |     if (serial.size() <= kSerialTailKept) return std::string(serial.size(), '*');
      |                                                  ^
D:\Project\MrProper\src\core\report_json.cpp:608:26: warning: function 'validateReport' has cognitive complexity of 33 (threshold 25) [readability-function-cognitive-complexity]
  608 | std::vector<std::string> validateReport(const Report& report) {
      |                          ^
D:\Project\MrProper\src\core\report_json.cpp:610:5: note: +1, including nesting penalty of 0, nesting level increased to 1
  610 |     if (report.schemaVersion != kReportJsonSchema) {
      |     ^
D:\Project\MrProper\src\core\report_json.cpp:614:5: note: +1, including nesting penalty of 0, nesting level increased to 1
  614 |     if (report.timing.finishedAtUnix != 0 && report.timing.startedAtUnix != 0 &&
      |     ^
D:\Project\MrProper\src\core\report_json.cpp:614:79: note: +1
  614 |     if (report.timing.finishedAtUnix != 0 && report.timing.startedAtUnix != 0 &&
      |                                                                               ^
D:\Project\MrProper\src\core\report_json.cpp:618:5: note: +1, including nesting penalty of 0, nesting level increased to 1
  618 |     if (report.timing.durationMs < 0) problems.push_back("длительность операции отрицательна");
      |     ^
D:\Project\MrProper\src\core\report_json.cpp:620:5: note: +1, including nesting penalty of 0, nesting level increased to 1
  620 |     for (std::size_t i = 0; i < report.disks.size(); ++i) {
      |     ^
D:\Project\MrProper\src\core\report_json.cpp:624:9: note: +2, including nesting penalty of 1, nesting level increased to 2
  624 |         for (const Partition& partition : disk.partitions) {
      |         ^
D:\Project\MrProper\src\core\report_json.cpp:626:13: note: +3, including nesting penalty of 2, nesting level increased to 3
  626 |             if (!partition.hasVolume) continue;
      |             ^
D:\Project\MrProper\src\core\report_json.cpp:632:13: note: +3, including nesting penalty of 2, nesting level increased to 3
  632 |             if (partition.lengthBytes != 0 && volume.totalBytes > partition.lengthBytes) {
      |             ^
D:\Project\MrProper\src\core\report_json.cpp:632:44: note: +1
  632 |             if (partition.lengthBytes != 0 && volume.totalBytes > partition.lengthBytes) {
      |                                            ^
D:\Project\MrProper\src\core\report_json.cpp:638:5: note: +1, including nesting penalty of 0, nesting level increased to 1
  638 |     for (std::size_t i = 0; i < report.candidates.size(); ++i) {
      |     ^
D:\Project\MrProper\src\core\report_json.cpp:645:9: note: +2, including nesting penalty of 1, nesting level increased to 2
  645 |         if (candidate.allocatedBytes > candidate.logicalBytes) {
      |         ^
D:\Project\MrProper\src\core\report_json.cpp:649:9: note: +2, including nesting penalty of 1, nesting level increased to 2
  649 |         if (candidate.oldestWrite != 0 && candidate.newestWrite != 0 && candidate.oldestWrite > candidate.newestWrite) {
      |         ^
D:\Project\MrProper\src\core\report_json.cpp:649:70: note: +1
  649 |         if (candidate.oldestWrite != 0 && candidate.newestWrite != 0 && candidate.oldestWrite > candidate.newestWrite) {
      |                                                                      ^
D:\Project\MrProper\src\core\report_json.cpp:657:5: note: +1, including nesting penalty of 0, nesting level increased to 1
  657 |     for (std::size_t i = 0; i < report.manifests.size(); ++i) {
      |     ^
D:\Project\MrProper\src\core\report_json.cpp:660:9: note: +2, including nesting penalty of 1, nesting level increased to 2
  660 |         if (!report.candidates.empty() && manifest.candidateIndex >= report.candidates.size()) {
      |         ^
D:\Project\MrProper\src\core\report_json.cpp:660:40: note: +1
  660 |         if (!report.candidates.empty() && manifest.candidateIndex >= report.candidates.size()) {
      |                                        ^
D:\Project\MrProper\src\core\report_json.cpp:664:9: note: +2, including nesting penalty of 1, nesting level increased to 2
  664 |         if (manifest.allowed == nullptr) continue;
      |         ^
D:\Project\MrProper\src\core\report_json.cpp:671:5: note: +1, including nesting penalty of 0, nesting level increased to 1
  671 |     for (std::size_t i = 0; i < report.errors.size(); ++i) {
      |     ^
D:\Project\MrProper\src\core\report_json.cpp:674:9: note: +2, including nesting penalty of 1, nesting level increased to 2
  674 |         if (error.scope.empty()) problems.push_back(where + ": пустой раздел (scope)");
      |         ^
D:\Project\MrProper\src\core\report_json.cpp:675:9: note: +2, including nesting penalty of 1, nesting level increased to 2
  675 |         if (error.message.empty()) problems.push_back(where + ": пустой текст ошибки");
      |         ^
D:\Project\MrProper\src\core\report_json.cpp:676:9: note: +2, including nesting penalty of 1, nesting level increased to 2
  676 |         if (error.count == 0) problems.push_back(where + ": счётчик повторов 0");
      |         ^
D:\Project\MrProper\src\core\report_json.cpp:608:26: warning: function 'validateReport' exceeds recommended size/complexity thresholds [readability-function-size]
  608 | std::vector<std::string> validateReport(const Report& report) {
      |                          ^
D:\Project\MrProper\src\core\report_json.cpp:608:26: note: 77 statements (threshold 60)
D:\Project\MrProper\src\core\report_json.cpp:616:18: warning: use emplace_back instead of push_back [modernize-use-emplace]
  616 |         problems.push_back("время окончания раньше времени начала");
      |                  ^~~~~~~~~~
      |                  emplace_back(
D:\Project\MrProper\src\core\report_json.cpp:618:48: warning: use emplace_back instead of push_back [modernize-use-emplace]
  618 |     if (report.timing.durationMs < 0) problems.push_back("длительность операции отрицательна");
      |                                                ^~~~~~~~~~
      |                                                emplace_back(
D:\Project\MrProper\src\core\report_json.cpp:620:5: warning: use range-based for loop instead [modernize-loop-convert]
  620 |     for (std::size_t i = 0; i < report.disks.size(); ++i) {
      |     ^   ~~~~~~~~~~~~~~~~~~~~~~~~~~~~~~~~~~~~~~~~~~~~~~~~~
      |         (const auto & disk : report.disks)
  621 |         const PhysicalDisk& disk = report.disks[i];
      |         ~~~~~~~~~~~~~~~~~~~~~~~~~~~~~~~~~~~~~~~~~~~
  622 |         const std::string where = "диск " + std::to_string(disk.number);
D:\Project\MrProper\src\core\rules.cpp:76:12: warning: function 'fromJson' has cognitive complexity of 42 (threshold 25) [readability-function-cognitive-complexity]
   76 | Rule Rule::fromJson(const json::Value& value, const std::string& origin) {
      |            ^
D:\Project\MrProper\src\core\rules.cpp:77:5: note: +1, including nesting penalty of 0, nesting level increased to 1
   77 |     if (!value.isObject()) throw RuleError(origin + ": правило должно быть объектом");
      |     ^
D:\Project\MrProper\src\core\rules.cpp:82:5: note: +1, including nesting penalty of 0, nesting level increased to 1
   82 |     if (!id.isString()) throw RuleError(origin + ": id должен быть строкой");
      |     ^
D:\Project\MrProper\src\core\rules.cpp:84:5: note: +1, including nesting penalty of 0, nesting level increased to 1
   84 |     if (!isSafeId(rule.id)) {
      |     ^
D:\Project\MrProper\src\core\rules.cpp:89:5: note: +1, including nesting penalty of 0, nesting level increased to 1
   89 |     if (!category.isString()) throw RuleError(origin + ": category должна быть строкой");
      |     ^
D:\Project\MrProper\src\core\rules.cpp:93:5: note: +1, including nesting penalty of 0, nesting level increased to 1
   93 |     if (!safety.isString()) throw RuleError(origin + ": safety должен быть строкой");
      |     ^
D:\Project\MrProper\src\core\rules.cpp:97:5: note: +1, including nesting penalty of 0, nesting level increased to 1
   97 |     if (!locator.isString()) throw RuleError(origin + ": locator должен быть строкой");
      |     ^
D:\Project\MrProper\src\core\rules.cpp:99:5: note: +1, including nesting penalty of 0, nesting level increased to 1
   99 |     if (!isValidPattern(rule.locator)) {
      |     ^
D:\Project\MrProper\src\core\rules.cpp:104:5: note: +1, including nesting penalty of 0, nesting level increased to 1
  104 |     for (const auto& ex : rule.locatorExcludes) {
      |     ^
D:\Project\MrProper\src\core\rules.cpp:105:9: note: +2, including nesting penalty of 1, nesting level increased to 2
  105 |         if (!isValidPattern(ex)) {
      |         ^
D:\Project\MrProper\src\core\rules.cpp:110:5: note: +1, including nesting penalty of 0, nesting level increased to 1
  110 |     if (const json::Value* age = value.find("minAgeDays")) {
      |     ^
D:\Project\MrProper\src\core\rules.cpp:111:9: note: +2, including nesting penalty of 1, nesting level increased to 2
  111 |         if (!age->isNumber()) throw RuleError(origin + ": minAgeDays должно быть числом");
      |         ^
D:\Project\MrProper\src\core\rules.cpp:113:9: note: +2, including nesting penalty of 1, nesting level increased to 2
  113 |         if (raw < 0) throw RuleError(origin + ": minAgeDays не может быть отрицательным");
      |         ^
D:\Project\MrProper\src\core\rules.cpp:118:67: note: +1
  118 |     rule.groupByProfile = value.find("groupByProfile") != nullptr && value.find("groupByProfile")->asBool();
      |                                                                   ^
D:\Project\MrProper\src\core\rules.cpp:120:5: note: +1, including nesting penalty of 0, nesting level increased to 1
  120 |     if (const json::Value* estimate = value.find("estimateOnly")) {
      |     ^
D:\Project\MrProper\src\core\rules.cpp:121:9: note: +2, including nesting penalty of 1, nesting level increased to 2
  121 |         if (!estimate->isBool()) throw RuleError(origin + ": estimateOnly должно быть true или false");
      |         ^
D:\Project\MrProper\src\core\rules.cpp:125:5: note: +1, including nesting penalty of 0, nesting level increased to 1
  125 |     if (const json::Value* minSize = value.find("minFileBytes")) {
      |     ^
D:\Project\MrProper\src\core\rules.cpp:126:9: note: +2, including nesting penalty of 1, nesting level increased to 2
  126 |         if (!minSize->isNumber()) throw RuleError(origin + ": minFileBytes должно быть числом");
      |         ^
D:\Project\MrProper\src\core\rules.cpp:128:9: note: +2, including nesting penalty of 1, nesting level increased to 2
  128 |         if (raw < 0) throw RuleError(origin + ": minFileBytes не может быть отрицательным");
      |         ^
D:\Project\MrProper\src\core\rules.cpp:132:5: note: +1, including nesting penalty of 0, nesting level increased to 1
  132 |     if (const json::Value* title = value.find("title")) {
      |     ^
D:\Project\MrProper\src\core\rules.cpp:133:9: note: +2, including nesting penalty of 1, nesting level increased to 2
  133 |         if (!title->isObject()) throw RuleError(origin + ": title должен быть объектом {ru,en}");
      |         ^
D:\Project\MrProper\src\core\rules.cpp:134:9: note: +2, including nesting penalty of 1, nesting level increased to 2
  134 |         if (const json::Value* ru = title->find("ru")) {
      |         ^
D:\Project\MrProper\src\core\rules.cpp:135:13: note: +3, including nesting penalty of 2, nesting level increased to 3
  135 |             if (ru->isString()) rule.titleRu = ru->asString();
      |             ^
D:\Project\MrProper\src\core\rules.cpp:137:9: note: +2, including nesting penalty of 1, nesting level increased to 2
  137 |         if (const json::Value* en = title->find("en")) {
      |         ^
D:\Project\MrProper\src\core\rules.cpp:138:13: note: +3, including nesting penalty of 2, nesting level increased to 3
  138 |             if (en->isString()) rule.titleEn = en->asString();
      |             ^
D:\Project\MrProper\src\core\rules.cpp:141:5: note: +1, including nesting penalty of 0, nesting level increased to 1
  141 |     if (const json::Value* note = value.find("note")) {
      |     ^
D:\Project\MrProper\src\core\rules.cpp:142:9: note: +2, including nesting penalty of 1, nesting level increased to 2
  142 |         if (note->isString()) rule.note = note->asString();
      |         ^
D:\Project\MrProper\src\core\rules.cpp:148:5: note: +1, including nesting penalty of 0, nesting level increased to 1
  148 |     if (rule.safety == SafetyLevel::Safe && rule.minAgeDays < 1 &&
      |     ^
D:\Project\MrProper\src\core\rules.cpp:151:57: note: +1
  151 |         rule.locator.find("cache") == std::string::npos &&
      |                                                         ^
D:\Project\MrProper\src\core\rules.cpp:76:12: warning: function 'fromJson' exceeds recommended size/complexity thresholds [readability-function-size]
   76 | Rule Rule::fromJson(const json::Value& value, const std::string& origin) {
      |            ^
D:\Project\MrProper\src\core\rules.cpp:76:12: note: 97 statements (threshold 60)
D:\Project\MrProper\src\core\rules.cpp:106:86: warning: string concatenation results in allocation of unnecessary temporary strings; consider using 'operator+=' or 'string::append()' instead [performance-inefficient-string-concatenation]
  106 |             throw RuleError(origin + ": некорректный locatorExcludes \"" + ex + "\"");
      |                                                                          ^
D:\Project\MrProper\src\core\rulesync.cpp:330:10: warning: function 'parseRuleSetManifest' has cognitive complexity of 40 (threshold 25) [readability-function-cognitive-complexity]
  330 | Manifest parseRuleSetManifest(std::string_view text, std::string_view origin) {
      |          ^
D:\Project\MrProper\src\core\rulesync.cpp:332:5: note: +1, including nesting penalty of 0, nesting level increased to 1
  332 |     if (text.size() > kMaxManifestBytes) {
      |     ^
D:\Project\MrProper\src\core\rulesync.cpp:339:7: note: +1, including nesting penalty of 0, nesting level increased to 1
  339 |     } catch (const json::ParseError& e) {
      |       ^
D:\Project\MrProper\src\core\rulesync.cpp:342:5: note: +1, including nesting penalty of 0, nesting level increased to 1
  342 |     if (!document.isObject()) throw RuleSyncError(source + ": корень манифеста должен быть объектом");
      |     ^
D:\Project\MrProper\src\core\rulesync.cpp:350:5: note: +1, including nesting penalty of 0, nesting level increased to 1
  350 |     for (const json::Value* node : {schema, schemaVersion}) {
      |     ^
D:\Project\MrProper\src\core\rulesync.cpp:351:9: note: +2, including nesting penalty of 1, nesting level increased to 2
  351 |         if (node != nullptr && !node->isNumber()) throw RuleSyncError(source + ": версия схемы должна быть числом");
      |         ^
D:\Project\MrProper\src\core\rulesync.cpp:351:29: note: +1
  351 |         if (node != nullptr && !node->isNumber()) throw RuleSyncError(source + ": версия схемы должна быть числом");
      |                             ^
D:\Project\MrProper\src\core\rulesync.cpp:353:5: note: +1, including nesting penalty of 0, nesting level increased to 1
  353 |     if (schema != nullptr && schemaVersion != nullptr && schema->asNumber() != schemaVersion->asNumber()) {
      |     ^
D:\Project\MrProper\src\core\rulesync.cpp:353:55: note: +1
  353 |     if (schema != nullptr && schemaVersion != nullptr && schema->asNumber() != schemaVersion->asNumber()) {
      |                                                       ^
D:\Project\MrProper\src\core\rulesync.cpp:356:55: note: +1, including nesting penalty of 0, nesting level increased to 1
  356 |     const json::Value* schemaNode = schema != nullptr ? schema : schemaVersion;
      |                                                       ^
D:\Project\MrProper\src\core\rulesync.cpp:358:5: note: +1, including nesting penalty of 0, nesting level increased to 1
  358 |     if (schemaNode != nullptr) {
      |     ^
D:\Project\MrProper\src\core\rulesync.cpp:360:9: note: +2, including nesting penalty of 1, nesting level increased to 2
  360 |         if (raw < 0.0 || raw > 2147483647.0 || static_cast<double>(static_cast<int>(raw)) != raw) {
      |         ^
D:\Project\MrProper\src\core\rulesync.cpp:360:45: note: +1
  360 |         if (raw < 0.0 || raw > 2147483647.0 || static_cast<double>(static_cast<int>(raw)) != raw) {
      |                                             ^
D:\Project\MrProper\src\core\rulesync.cpp:365:5: note: +1, including nesting penalty of 0, nesting level increased to 1
  365 |     if (declaredSchema != supportedManifestSchemaVersion()) {
      |     ^
D:\Project\MrProper\src\core\rulesync.cpp:372:5: note: +1, including nesting penalty of 0, nesting level increased to 1
  372 |     if (manifest.version.empty() || manifest.version.size() > 64u) {
      |     ^
D:\Project\MrProper\src\core\rulesync.cpp:372:34: note: +1
  372 |     if (manifest.version.empty() || manifest.version.size() > 64u) {
      |                                  ^
D:\Project\MrProper\src\core\rulesync.cpp:375:5: note: +1, including nesting penalty of 0, nesting level increased to 1
  375 |     for (const char c : manifest.version) {
      |     ^
D:\Project\MrProper\src\core\rulesync.cpp:377:9: note: +2, including nesting penalty of 1, nesting level increased to 2
  377 |         if (byte < 0x20u || byte == 0x7fu) throw RuleSyncError(source + ": в версии набора есть управляющие символы");
      |         ^
D:\Project\MrProper\src\core\rulesync.cpp:377:26: note: +1
  377 |         if (byte < 0x20u || byte == 0x7fu) throw RuleSyncError(source + ": в версии набора есть управляющие символы");
      |                          ^
D:\Project\MrProper\src\core\rulesync.cpp:380:5: note: +1, including nesting penalty of 0, nesting level increased to 1
  380 |     if (const json::Value* minApp = document.find("minAppVersion")) {
      |     ^
D:\Project\MrProper\src\core\rulesync.cpp:381:9: note: +2, including nesting penalty of 1, nesting level increased to 2
  381 |         if (!minApp->isString()) throw RuleSyncError(source + ": minAppVersion должен быть строкой");
      |         ^
D:\Project\MrProper\src\core\rulesync.cpp:383:9: note: +2, including nesting penalty of 1, nesting level increased to 2
  383 |         if (!manifest.minAppVersion.empty()) {
      |         ^
D:\Project\MrProper\src\core\rulesync.cpp:391:5: note: +1, including nesting penalty of 0, nesting level increased to 1
  391 |     if (!files.isArray()) throw RuleSyncError(source + ": files должен быть массивом");
      |     ^
D:\Project\MrProper\src\core\rulesync.cpp:392:5: note: +1, including nesting penalty of 0, nesting level increased to 1
  392 |     if (files.items().empty()) throw RuleSyncError(source + ": files пуст — набор без правил не применяется");
      |     ^
D:\Project\MrProper\src\core\rulesync.cpp:393:5: note: +1, including nesting penalty of 0, nesting level increased to 1
  393 |     if (files.items().size() > kMaxManifestFiles) {
      |     ^
D:\Project\MrProper\src\core\rulesync.cpp:397:5: note: +1, including nesting penalty of 0, nesting level increased to 1
  397 |     for (const auto& item : files.items()) {
      |     ^
D:\Project\MrProper\src\core\rulesync.cpp:398:9: note: +2, including nesting penalty of 1, nesting level increased to 2
  398 |         if (!item.isObject()) throw RuleSyncError(source + ": элемент files должен быть объектом");
      |         ^
D:\Project\MrProper\src\core\rulesync.cpp:402:9: note: +2, including nesting penalty of 1, nesting level increased to 2
  402 |         if (!isSafeRelativePath(file.path)) {
      |         ^
D:\Project\MrProper\src\core\rulesync.cpp:406:9: note: +2, including nesting penalty of 1, nesting level increased to 2
  406 |         if (manifest.byPath(file.path) != nullptr) {
      |         ^
D:\Project\MrProper\src\core\rulesync.cpp:411:9: note: +2, including nesting penalty of 1, nesting level increased to 2
  411 |         if (!parseSha256Hex(hash, digest)) {
      |         ^
D:\Project\MrProper\src\core\rulesync.cpp:419:9: note: +2, including nesting penalty of 1, nesting level increased to 2
  419 |         if (item.find("size") != nullptr) {
      |         ^
D:\Project\MrProper\src\core\rulesync.cpp:330:10: warning: function 'parseRuleSetManifest' exceeds recommended size/complexity thresholds [readability-function-size]
  330 | Manifest parseRuleSetManifest(std::string_view text, std::string_view origin) {
      |          ^
D:\Project\MrProper\src\core\rulesync.cpp:330:10: note: 95 statements (threshold 60)
D:\Project\MrProper\src\core\rulesync.cpp:412:145: warning: string concatenation results in allocation of unnecessary temporary strings; consider using 'operator+=' or 'string::append()' instead [performance-inefficient-string-concatenation]
  412 |             throw RuleSyncError(source + ": в \"" + file.path + "\" ожидается SHA-256 — 64 hex-символа, получено \"" +
      |                                                                                                                      ^
D:\Project\MrProper\src\core\rulesync.cpp:497:21: warning: function 'verifyRuleSet' has cognitive complexity of 35 (threshold 25) [readability-function-cognitive-complexity]
  497 | RuleSetVerification verifyRuleSet(std::string_view manifestBytes, std::string_view signatureBytes,
      |                     ^
D:\Project\MrProper\src\core\rulesync.cpp:507:7: note: +1, including nesting penalty of 0, nesting level increased to 1
  507 |     } catch (const RuleSyncError& e) {
      |       ^
D:\Project\MrProper\src\core\rulesync.cpp:514:5: note: +1, including nesting penalty of 0, nesting level increased to 1
  514 |     if (!report.schemaOk) {
      |     ^
D:\Project\MrProper\src\core\rulesync.cpp:522:7: note: +1, including nesting penalty of 0, nesting level increased to 1
  522 |     } catch (const RuleSyncError& e) {
      |       ^
D:\Project\MrProper\src\core\rulesync.cpp:526:5: note: +1, including nesting penalty of 0, nesting level increased to 1
  526 |     if (!report.versionOk) {
      |     ^
D:\Project\MrProper\src\core\rulesync.cpp:527:9: note: +2, including nesting penalty of 1, nesting level increased to 2
  527 |         if (report.versionDetail.empty()) {
      |         ^
D:\Project\MrProper\src\core\rulesync.cpp:537:5: note: +1, including nesting penalty of 0, nesting level increased to 1
  537 |     if (policy.requireSignature && !policy.verifySignature) {
      |     ^
D:\Project\MrProper\src\core\rulesync.cpp:537:33: note: +1
  537 |     if (policy.requireSignature && !policy.verifySignature) {
      |                                 ^
D:\Project\MrProper\src\core\rulesync.cpp:543:12: note: +1, nesting level increased to 1
  543 |     } else if (signatureBytes.empty()) {
      |            ^
D:\Project\MrProper\src\core\rulesync.cpp:546:53: note: +2, including nesting penalty of 1, nesting level increased to 2
  546 |         report.signatureDetail = report.signatureOk ? "подпись не требуется" : "подпись отсутствует";
      |                                                     ^
D:\Project\MrProper\src\core\rulesync.cpp:547:12: note: +1, nesting level increased to 1
  547 |     } else if (!policy.verifySignature) {
      |            ^
D:\Project\MrProper\src\core\rulesync.cpp:551:7: note: +1, nesting level increased to 1
  551 |     } else {
      |       ^
D:\Project\MrProper\src\core\rulesync.cpp:554:53: note: +2, including nesting penalty of 1, nesting level increased to 2
  554 |         report.signatureDetail = report.signatureOk ? "подпись верна" : "подпись не прошла проверку";
      |                                                     ^
D:\Project\MrProper\src\core\rulesync.cpp:558:5: note: +1, including nesting penalty of 0, nesting level increased to 1
  558 |     if (!report.signatureOk) report.problems.push_back(report.signatureDetail);
      |     ^
D:\Project\MrProper\src\core\rulesync.cpp:562:5: note: +1, including nesting penalty of 0, nesting level increased to 1
  562 |     for (std::size_t i = 0; i < files.size(); ++i) {
      |     ^
D:\Project\MrProper\src\core\rulesync.cpp:564:9: note: +2, including nesting penalty of 1, nesting level increased to 2
  564 |         if (index.find(path) != index.end()) {
      |         ^
D:\Project\MrProper\src\core\rulesync.cpp:575:5: note: +1, including nesting penalty of 0, nesting level increased to 1
  575 |     for (const auto& expected : report.manifest.files) {
      |     ^
D:\Project\MrProper\src\core\rulesync.cpp:582:9: note: +2, including nesting penalty of 1, nesting level increased to 2
  582 |         if (it == index.end()) {
      |         ^
D:\Project\MrProper\src\core\rulesync.cpp:590:9: note: +2, including nesting penalty of 1, nesting level increased to 2
  590 |         if (expected.sizeDeclared && actual.size != expected.size) {
      |         ^
D:\Project\MrProper\src\core\rulesync.cpp:590:35: note: +1
  590 |         if (expected.sizeDeclared && actual.size != expected.size) {
      |                                   ^
D:\Project\MrProper\src\core\rulesync.cpp:599:9: note: +2, including nesting penalty of 1, nesting level increased to 2
  599 |         if (actual.digest == expectedDigest) {
      |         ^
D:\Project\MrProper\src\core\rulesync.cpp:602:11: note: +1, nesting level increased to 2
  602 |         } else {
      |           ^
D:\Project\MrProper\src\core\rulesync.cpp:607:9: note: +2, including nesting penalty of 1, nesting level increased to 2
  607 |         if (verdict.check != FileCheck::Ok) report.problems.push_back(verdict.describe());
      |         ^
D:\Project\MrProper\src\core\rulesync.cpp:612:5: note: +1, including nesting penalty of 0, nesting level increased to 1
  612 |     for (std::size_t i = 0; i < files.size(); ++i) {
      |     ^
D:\Project\MrProper\src\core\rulesync.cpp:614:9: note: +2, including nesting penalty of 1, nesting level increased to 2
  614 |         if (report.manifest.byPath(path) != nullptr) continue;
      |         ^
D:\Project\MrProper\src\core\rulesync.cpp:619:9: note: +2, including nesting penalty of 1, nesting level increased to 2
  619 |         if (policy.requireKnownFilesOnly) report.problems.push_back(verdict.describe());
      |         ^
D:\Project\MrProper\src\core\rulesync.cpp:497:21: warning: function 'verifyRuleSet' exceeds recommended size/complexity thresholds [readability-function-size]
  497 | RuleSetVerification verifyRuleSet(std::string_view manifestBytes, std::string_view signatureBytes,
      |                     ^
D:\Project\MrProper\src\core\rulesync.cpp:497:21: note: 124 lines including whitespace and comments (threshold 120)
D:\Project\MrProper\src\core\rulesync.cpp:497:21: note: 108 statements (threshold 60)
D:\Project\MrProper\src\core\rulesync.cpp:508:25: warning: use emplace_back instead of push_back [modernize-use-emplace]
  508 |         report.problems.push_back(e.what());
      |                         ^~~~~~~~~~
      |                         emplace_back(
D:\Project\MrProper\src\core\rulesync.cpp:612:5: warning: use range-based for loop instead [modernize-loop-convert]
  612 |     for (std::size_t i = 0; i < files.size(); ++i) {
      |     ^   ~~~~~~~~~~~~~~~~~~~~~~~~~~~~~~~~~~~~~~~~~~
      |         (const auto & file : files)
  613 |         const std::string path = normalizeRulePath(files[i].path);
      |                                                    ~~~~~~~~
      |                                                    file
D:\Project\MrProper\src\core\scoring.cpp:34:23: warning: use emplace_back instead of push_back [modernize-use-emplace]
   34 |         score.reasons.push_back("приложения, которые используют эти файлы, закрыты");
      |                       ^~~~~~~~~~
      |                       emplace_back(
D:\Project\MrProper\src\core\scoring.cpp:41:23: warning: use emplace_back instead of push_back [modernize-use-emplace]
   41 |         score.reasons.push_back("системный каталог: уровень снижен до review");
      |                       ^~~~~~~~~~
      |                       emplace_back(
D:\Project\MrProper\src\core\scoring.cpp:47:23: warning: use emplace_back instead of push_back [modernize-use-emplace]
   47 |         score.reasons.push_back("объект внутри профиля пользователя — проверьте вручную");
      |                       ^~~~~~~~~~
      |                       emplace_back(
D:\Project\MrProper\src\core\scoring.cpp:53:23: warning: use emplace_back instead of push_back [modernize-use-emplace]
   53 |         score.reasons.push_back("шаблон правила широкий, совпадение может быть случайным");
      |                       ^~~~~~~~~~
      |                       emplace_back(
D:\Project\MrProper\src\core\sizing.cpp:56:12: warning: avoid repeating the return type from the declaration; use a braced initializer list instead [modernize-return-braced-init-list]
   56 |     return std::string();
      |            ^~~~~~~~~~~~~
      |            {}
D:\Project\MrProper\src\core\sizing.cpp:181:14: warning: an exception may be thrown in function 'aggregateSizes' which should not throw exceptions [bugprone-exception-escape]
  181 | SizingTotals aggregateSizes(const std::vector<CleanupCandidate>& candidates,
      |              ^
D:\Project\MrProper\src\core\sizing.cpp:251:12: warning: avoid repeating the return type from the declaration; use a braced initializer list instead [modernize-return-braced-init-list]
  251 |     return std::string();
      |            ^~~~~~~~~~~~~
      |            {}
D:\Project\MrProper\src\core\trash.cpp:105:12: warning: avoid repeating the return type from the declaration; use a braced initializer list instead [modernize-return-braced-init-list]
  105 |     return std::string(buf);
      |            ^
D:\Project\MrProper\src\core\trash.cpp:415:40: warning: avoid repeating the return type from the declaration; use a braced initializer list instead [modernize-return-braced-init-list]
  415 |     if (programDataDir.empty()) return std::string();
      |                                        ^~~~~~~~~~~~~
      |                                        {}
D:\Project\MrProper\src\core\trash.cpp:454:12: warning: avoid repeating the return type from the declaration; use a braced initializer list instead [modernize-return-braced-init-list]
  454 |     return std::string(buf);
      |            ^
D:\Project\MrProper\src\core\undo.cpp:165:12: warning: avoid repeating the return type from the declaration; use a braced initializer list instead [modernize-return-braced-init-list]
  165 |     return std::string();
      |            ^~~~~~~~~~~~~
      |            {}
D:\Project\MrProper\src\core\undo.cpp:227:5: warning: the value returned by this function should not be disregarded; neglecting it may lead to errors [cert-err33-c]
  227 |     std::snprintf(buf, sizeof(buf), "%llu с", static_cast<unsigned long long>(seconds));
      |     ^~~~~~~~~~~~~~~~~~~~~~~~~~~~~~~~~~~~~~~~~~~~~~~~~~~~~~~~~~~~~~~~~~~~~~~~~~~~~~~~~~~
D:\Project\MrProper\src\core\undo.cpp:227:5: note: cast the expression to void to silence this warning
D:\Project\MrProper\src\core\undo.cpp:228:12: warning: avoid repeating the return type from the declaration; use a braced initializer list instead [modernize-return-braced-init-list]
  228 |     return std::string(buf);
      |            ^
D:\Project\MrProper\src\core\undo.cpp:673:30: warning: constness of 'base' prevents automatic move [performance-no-automatic-move]
  673 |     if (attempt == 1) return base;
      |                              ^
D:\Project\MrProper\src\core\undo.cpp:685:10: warning: function 'buildRestorePlan' has cognitive complexity of 62 (threshold 25) [readability-function-cognitive-complexity]
  685 | UndoPlan buildRestorePlan(const UndoTransaction& tx, const RestoreRequest& request,
      |          ^
D:\Project\MrProper\src\core\undo.cpp:687:5: note: +1, including nesting penalty of 0, nesting level increased to 1
  687 |     if (request.txId != tx.txId) {
      |     ^
D:\Project\MrProper\src\core\undo.cpp:690:5: note: +1, including nesting penalty of 0, nesting level increased to 1
  690 |     if (targets.size() < tx.entries.size()) {
      |     ^
D:\Project\MrProper\src\core\undo.cpp:709:29: note: nesting level increased to 1
  709 |     const auto isSelected = [&selected, hasSelection](std::size_t index) {
      |                             ^
D:\Project\MrProper\src\core\undo.cpp:710:30: note: +1
  710 |         return !hasSelection || std::binary_search(selected.begin(), selected.end(), index);
      |                              ^
D:\Project\MrProper\src\core\undo.cpp:716:5: note: +1, including nesting penalty of 0, nesting level increased to 1
  716 |     for (const auto& target : targets) {
      |     ^
D:\Project\MrProper\src\core\undo.cpp:717:9: note: +2, including nesting penalty of 1, nesting level increased to 2
  717 |         if (target.path.empty() || target.volumeGuidPath.empty()) continue;
      |         ^
D:\Project\MrProper\src\core\undo.cpp:717:33: note: +1
  717 |         if (target.path.empty() || target.volumeGuidPath.empty()) continue;
      |                                 ^
D:\Project\MrProper\src\core\undo.cpp:719:9: note: +2, including nesting penalty of 1, nesting level increased to 2
  719 |         if (!inserted && target.freeBytes > it->second) it->second = target.freeBytes;
      |         ^
D:\Project\MrProper\src\core\undo.cpp:719:23: note: +1
  719 |         if (!inserted && target.freeBytes > it->second) it->second = target.freeBytes;
      |                       ^
D:\Project\MrProper\src\core\undo.cpp:723:5: note: +1, including nesting penalty of 0, nesting level increased to 1
  723 |     for (std::size_t index = 0; index < tx.entries.size(); ++index) {
      |     ^
D:\Project\MrProper\src\core\undo.cpp:725:9: note: +2, including nesting penalty of 1, nesting level increased to 2
  725 |         if (!isSelected(index)) continue;
      |         ^
D:\Project\MrProper\src\core\undo.cpp:732:47: note: +2, including nesting penalty of 1, nesting level increased to 2
  732 |         item.targetPath = target.path.empty() ? entry.originalPath : target.path;
      |                                               ^
D:\Project\MrProper\src\core\undo.cpp:738:9: note: +2, including nesting penalty of 1, nesting level increased to 2
  738 |         if (entry.restored) {
      |         ^
D:\Project\MrProper\src\core\undo.cpp:742:16: note: +1, nesting level increased to 2
  742 |         } else if (!target.contentExists) {
      |                ^
D:\Project\MrProper\src\core\undo.cpp:749:9: note: +2, including nesting penalty of 1, nesting level increased to 2
  749 |         if (item.conflict == RestoreConflict::None) {
      |         ^
D:\Project\MrProper\src\core\undo.cpp:752:13: note: +3, including nesting penalty of 2, nesting level increased to 3
  752 |             if (target.path.empty()) {
      |             ^
D:\Project\MrProper\src\core\undo.cpp:755:13: note: +3, including nesting penalty of 2, nesting level increased to 3
  755 |             if (target.exists && target.isDirectory != entry.isDirectory) {
      |             ^
D:\Project\MrProper\src\core\undo.cpp:755:31: note: +1
  755 |             if (target.exists && target.isDirectory != entry.isDirectory) {
      |                               ^
D:\Project\MrProper\src\core\undo.cpp:757:20: note: +1, nesting level increased to 3
  757 |             } else if (target.exists) {
      |                    ^
D:\Project\MrProper\src\core\undo.cpp:760:13: note: +3, including nesting penalty of 2, nesting level increased to 3
  760 |             if (target.locked) item.conflict = worstConflict(item.conflict, RestoreConflict::TargetLocked);
      |             ^
D:\Project\MrProper\src\core\undo.cpp:761:13: note: +3, including nesting penalty of 2, nesting level increased to 3
  761 |             if (!target.parentExists) item.conflict = worstConflict(item.conflict, RestoreConflict::ParentMissing);
      |             ^
D:\Project\MrProper\src\core\undo.cpp:763:13: note: +3, including nesting penalty of 2, nesting level increased to 3
  763 |             if (!target.volumeGuidPath.empty()) {
      |             ^
D:\Project\MrProper\src\core\undo.cpp:765:17: note: +4, including nesting penalty of 3, nesting level increased to 4
  765 |                 if (entry.sizeBytes > free) {
      |                 ^
D:\Project\MrProper\src\core\undo.cpp:767:19: note: +1, nesting level increased to 4
  767 |                 } else {
      |                   ^
D:\Project\MrProper\src\core\undo.cpp:772:13: note: +3, including nesting penalty of 2, nesting level increased to 3
  772 |             if (isBlocking(item.conflict)) {
      |             ^
D:\Project\MrProper\src\core\undo.cpp:773:17: note: +4, including nesting penalty of 3, nesting level increased to 4
  773 |                 switch (request.conflictPolicy) {
      |                 ^
D:\Project\MrProper\src\core\undo.cpp:779:25: note: +5, including nesting penalty of 4, nesting level increased to 5
  779 |                         if (isOverwritable(item.conflict)) {
      |                         ^
D:\Project\MrProper\src\core\undo.cpp:782:27: note: +1, nesting level increased to 5
  782 |                         } else {
      |                           ^
D:\Project\MrProper\src\core\undo.cpp:788:25: note: +5, including nesting penalty of 4, nesting level increased to 5
  788 |                         if (isOverwritable(item.conflict)) {
      |                         ^
D:\Project\MrProper\src\core\undo.cpp:792:27: note: +1, nesting level increased to 5
  792 |                         } else {
      |                           ^
D:\Project\MrProper\src\core\undo.cpp:806:20: note: +1, nesting level increased to 3
  806 |             } else if (item.conflict == RestoreConflict::ParentMissing) {
      |                    ^
D:\Project\MrProper\src\core\undo.cpp:685:10: warning: function 'buildRestorePlan' exceeds recommended size/complexity thresholds [readability-function-size]
  685 | UndoPlan buildRestorePlan(const UndoTransaction& tx, const RestoreRequest& request,
      |          ^
D:\Project\MrProper\src\core\undo.cpp:685:10: note: 131 lines including whitespace and comments (threshold 120)
D:\Project\MrProper\src\core\undo.cpp:685:10: note: 110 statements (threshold 60)
D:\Project\MrProper\src\core\undo.cpp:819:10: warning: function 'applyRestoreAnswers' has cognitive complexity of 31 (threshold 25) [readability-function-cognitive-complexity]
  819 | UndoPlan applyRestoreAnswers(UndoPlan plan, const RestoreAnswers& answers) {
      |          ^
D:\Project\MrProper\src\core\undo.cpp:820:5: note: +1, including nesting penalty of 0, nesting level increased to 1
  820 |     for (auto& item : plan.entries) {
      |     ^
D:\Project\MrProper\src\core\undo.cpp:821:9: note: +2, including nesting penalty of 1, nesting level increased to 2
  821 |         if (item.action != RestoreDecision::Skip) continue;
      |         ^
D:\Project\MrProper\src\core\undo.cpp:825:9: note: +2, including nesting penalty of 1, nesting level increased to 2
  825 |         for (const auto& [index, chosen] : answers.byEntry) {
      |         ^
D:\Project\MrProper\src\core\undo.cpp:826:13: note: +3, including nesting penalty of 2, nesting level increased to 3
  826 |             if (index == item.entryIndex) {
      |             ^
D:\Project\MrProper\src\core\undo.cpp:832:9: note: +2, including nesting penalty of 1, nesting level increased to 2
  832 |         if (!answered && !item.needsUserDecision) continue;  // не конфликт: ответ не нужен
      |         ^
D:\Project\MrProper\src\core\undo.cpp:832:23: note: +1
  832 |         if (!answered && !item.needsUserDecision) continue;  // не конфликт: ответ не нужен
      |                       ^
D:\Project\MrProper\src\core\undo.cpp:834:9: note: +2, including nesting penalty of 1, nesting level increased to 2
  834 |         switch (policy) {
      |         ^
D:\Project\MrProper\src\core\undo.cpp:841:17: note: +3, including nesting penalty of 2, nesting level increased to 3
  841 |                 if (isOverwritable(item.conflict)) {
      |                 ^
D:\Project\MrProper\src\core\undo.cpp:845:19: note: +1, nesting level increased to 3
  845 |                 } else {
      |                   ^
D:\Project\MrProper\src\core\undo.cpp:851:17: note: +3, including nesting penalty of 2, nesting level increased to 3
  851 |                 if (!isOverwritable(item.conflict)) {
      |                 ^
D:\Project\MrProper\src\core\undo.cpp:859:17: note: +3, including nesting penalty of 2, nesting level increased to 3
  859 |                 for (const auto& [index, path] : answers.renameTo) {
      |                 ^
D:\Project\MrProper\src\core\undo.cpp:860:21: note: +4, including nesting penalty of 3, nesting level increased to 4
  860 |                     if (index == item.entryIndex && !path.empty()) item.targetPath = path;
      |                     ^
D:\Project\MrProper\src\core\undo.cpp:860:50: note: +1
  860 |                     if (index == item.entryIndex && !path.empty()) item.targetPath = path;
      |                                                  ^
D:\Project\MrProper\src\core\undo.cpp:862:17: note: +3, including nesting penalty of 2, nesting level increased to 3
  862 |                 if (item.targetPath == item.originalPath) item.targetPath = restoreRenameTarget(item.targetPath);
      |                 ^
D:\Project\MrProper\src\core\units.cpp:14:5: warning: the value returned by this function should not be disregarded; neglecting it may lead to errors [cert-err33-c]
   14 |     std::snprintf(buf, sizeof(buf), "%.*f", decimals, value);
      |     ^~~~~~~~~~~~~~~~~~~~~~~~~~~~~~~~~~~~~~~~~~~~~~~~~~~~~~~~
D:\Project\MrProper\src\core\units.cpp:14:5: note: cast the expression to void to silence this warning
D:\Project\MrProper\src\platform\bus_type.cpp:175:5: warning: the value returned by this function should not be disregarded; neglecting it may lead to errors [cert-err33-c]
  175 |     std::snprintf(code, sizeof(code), "0x%02X", raw);
      |     ^~~~~~~~~~~~~~~~~~~~~~~~~~~~~~~~~~~~~~~~~~~~~~~~
D:\Project\MrProper\src\platform\bus_type.cpp:175:5: note: cast the expression to void to silence this warning
D:\Project\MrProper\src\platform\devices.cpp:129:20: warning: avoid repeating the return type from the declaration; use a braced initializer list instead [modernize-return-braced-init-list]
  129 |             return std::wstring_view();
      |                    ^~~~~~~~~~~~~~~~~~~
      |                    {}
D:\Project\MrProper\src\platform\devices.cpp:135:16: warning: avoid repeating the return type from the declaration; use a braced initializer list instead [modernize-return-braced-init-list]
  135 |         return std::wstring_view(data_.data(), length);
      |                ^
D:\Project\MrProper\src\platform\devices.cpp:159:16: warning: avoid repeating the return type from the declaration; use a braced initializer list instead [modernize-return-braced-init-list]
  159 |         return std::wstring_view();
      |                ^~~~~~~~~~~~~~~~~~~
      |                {}
D:\Project\MrProper\src\platform\devices.cpp:167:12: warning: avoid repeating the return type from the declaration; use a braced initializer list instead [modernize-return-braced-init-list]
  167 |     return std::wstring_view(first, length);
      |            ^
D:\Project\MrProper\src\platform\devices.cpp:270:23: warning: the value returned by this function should not be disregarded; neglecting it may lead to errors [bugprone-unused-return-value]
  270 |                 (void)buffer.release();
      |                       ^~~~~~~~~~~~~~~~
D:\Project\MrProper\src\platform\devices.cpp:386:6: warning: function 'collectInterface' has cognitive complexity of 26 (threshold 25) [readability-function-cognitive-complexity]
  386 | bool collectInterface(HDEVINFO infoSet, SP_DEVICE_INTERFACE_DATA& interfaceData, EnumerateResult& result) {
      |      ^
D:\Project\MrProper\src\platform\devices.cpp:393:5: note: +1, including nesting penalty of 0, nesting level increased to 1
  393 |     if (::SetupDiGetDeviceInterfaceDetailW(infoSet, &interfaceData, nullptr, 0, &detailSize, &deviceInfo) == FALSE) {
      |     ^
D:\Project\MrProper\src\platform\devices.cpp:395:9: note: +2, including nesting penalty of 1, nesting level increased to 2
  395 |         if (error != ERROR_INSUFFICIENT_BUFFER) {
      |         ^
D:\Project\MrProper\src\platform\devices.cpp:401:5: note: +1, including nesting penalty of 0, nesting level increased to 1
  401 |     if (detailSize < kMinDetailBytes || detailSize > kMaxDetailBytes) {
      |     ^
D:\Project\MrProper\src\platform\devices.cpp:401:38: note: +1
  401 |     if (detailSize < kMinDetailBytes || detailSize > kMaxDetailBytes) {
      |                                      ^
D:\Project\MrProper\src\platform\devices.cpp:409:5: note: +1, including nesting penalty of 0, nesting level increased to 1
  409 |     if (::SetupDiGetDeviceInterfaceDetailW(infoSet, &interfaceData, detail.data(), detailSize, nullptr, nullptr) ==
      |     ^
D:\Project\MrProper\src\platform\devices.cpp:417:5: note: +1, including nesting penalty of 0, nesting level increased to 1
  417 |     if (devicePath.empty()) {
      |     ^
D:\Project\MrProper\src\platform\devices.cpp:427:5: note: +1, including nesting penalty of 0, nesting level increased to 1
  427 |     if (instanceId.empty()) {
      |     ^
D:\Project\MrProper\src\platform\devices.cpp:430:7: note: +1, nesting level increased to 1
  430 |     } else {
      |       ^
D:\Project\MrProper\src\platform\devices.cpp:435:5: note: +1, including nesting penalty of 0, nesting level increased to 1
  435 |     if (outcome.ok) {
      |     ^
D:\Project\MrProper\src\platform\devices.cpp:438:9: note: +2, including nesting penalty of 1, nesting level increased to 2
  438 |         if (outcome.value.deviceNumber > static_cast<std::uint32_t>(std::numeric_limits<int>::max())) {
      |         ^
D:\Project\MrProper\src\platform\devices.cpp:445:11: note: +1, nesting level increased to 2
  445 |         } else {
      |           ^
D:\Project\MrProper\src\platform\devices.cpp:450:7: note: +1, nesting level increased to 1
  450 |     } else {
      |       ^
D:\Project\MrProper\src\platform\devices.cpp:452:53: note: +2, including nesting penalty of 1, nesting level increased to 2
  452 |                  outcome.stage == Stage::OpenDevice ? "устройство не открылось"
      |                                                     ^
D:\Project\MrProper\src\platform\devices.cpp:459:5: note: +1, including nesting penalty of 0, nesting level increased to 1
  459 |     for (const DiskInterface& existing : result.disks) {
      |     ^
D:\Project\MrProper\src\platform\devices.cpp:460:9: note: +2, including nesting penalty of 1, nesting level increased to 2
  460 |         if (existing.devicePath == disk.devicePath) {
      |         ^
D:\Project\MrProper\src\platform\devices.cpp:468:5: note: +1, including nesting penalty of 0, nesting level increased to 1
  468 |     if (disk.numberKnown) {
      |     ^
D:\Project\MrProper\src\platform\devices.cpp:469:9: note: +2, including nesting penalty of 1, nesting level increased to 2
  469 |         for (const DiskInterface& existing : result.disks) {
      |         ^
D:\Project\MrProper\src\platform\devices.cpp:470:13: note: +3, including nesting penalty of 2, nesting level increased to 3
  470 |             if (existing.numberKnown && existing.number == disk.number) {
      |             ^
D:\Project\MrProper\src\platform\devices.cpp:470:38: note: +1
  470 |             if (existing.numberKnown && existing.number == disk.number) {
      |                                      ^
D:\Project\MrProper\src\platform\devices.cpp:386:6: warning: function 'collectInterface' exceeds recommended size/complexity thresholds [readability-function-size]
  386 | bool collectInterface(HDEVINFO infoSet, SP_DEVICE_INTERFACE_DATA& interfaceData, EnumerateResult& result) {
      |      ^
D:\Project\MrProper\src\platform\devices.cpp:386:6: note: 62 statements (threshold 60)
D:\Project\MrProper\src\platform\gpt_kind.cpp:314:13: warning: enumeration value 'Efi' not handled in switch [clang-diagnostic-switch]
  314 |     switch (kind) {
      |             ^~~~
D:\Project\MrProper\src\platform\gpt_kind.cpp:332:13: warning: enumeration value 'Efi' not handled in switch [clang-diagnostic-switch]
  332 |     switch (kind) {
      |             ^~~~
D:\Project\MrProper\src\platform\inventory.cpp:280:30: warning: integer to pointer cast pessimizes optimization opportunities [performance-no-int-to-ptr]
  280 |         const auto* header = reinterpret_cast<const DEV_BROADCAST_HDR*>(lParam);
      |                              ^
D:\Project\MrProper\src\platform\inventory.cpp:297:28: warning: integer to pointer cast pessimizes optimization opportunities [performance-no-int-to-ptr]
  297 |         const auto* info = reinterpret_cast<const DEV_BROADCAST_DEVICEINTERFACE_W*>(lParam);
      |                            ^
D:\Project\MrProper\src\platform\inventory.cpp:353:6: warning: function 'collectOneDisk' has cognitive complexity of 38 (threshold 25) [readability-function-cognitive-complexity]
  353 | void collectOneDisk(const devices::DiskInterface& iface, CollectContext& ctx, std::vector<core::PhysicalDisk>& disks,
      |      ^
D:\Project\MrProper\src\platform\inventory.cpp:366:43: note: +1
  366 |     probe.numberKnown = iface.numberKnown && iface.number >= 0;
      |                                           ^
D:\Project\MrProper\src\platform\inventory.cpp:368:5: note: +1, including nesting penalty of 0, nesting level increased to 1
  368 |     if (!probe.numberKnown) {
      |     ^
D:\Project\MrProper\src\platform\inventory.cpp:386:32: note: +1, including nesting penalty of 0, nesting level increased to 1
  386 |     disk.sizeBytes = size.ok() ? size.lengthBytes : std::uint64_t{0};
      |                                ^
D:\Project\MrProper\src\platform\inventory.cpp:402:21: note: nesting level increased to 1
  402 |                     [diskNumber, diskSizeBytes] { return platform::readDriveLayout(diskNumber, diskSizeBytes); });
      |                     ^
D:\Project\MrProper\src\platform\inventory.cpp:403:45: note: +1
  403 |     const bool layoutKnown = layoutAnswered && driveLayout.ok;
      |                                             ^
D:\Project\MrProper\src\platform\inventory.cpp:404:5: note: +1, including nesting penalty of 0, nesting level increased to 1
  404 |     if (layoutKnown) {
      |     ^
D:\Project\MrProper\src\platform\inventory.cpp:409:57: note: +1, including nesting penalty of 0, nesting level increased to 1
  409 |                                          layoutAnswered ? driveLayout.winError : static_cast<std::uint32_t>(ERROR_TIMEOUT));
      |                                                         ^
D:\Project\MrProper\src\platform\inventory.cpp:414:37: note: +1, including nesting penalty of 0, nesting level increased to 1
  414 |     probe.layoutError = layoutKnown ? std::uint32_t{0}
      |                                     ^
D:\Project\MrProper\src\platform\inventory.cpp:415:55: note: +2, including nesting penalty of 1, nesting level increased to 2
  415 |                                     : (layoutAnswered ? driveLayout.winError : static_cast<std::uint32_t>(ERROR_TIMEOUT));
      |                                                       ^
D:\Project\MrProper\src\platform\inventory.cpp:420:5: note: +1, including nesting penalty of 0, nesting level increased to 1
  420 |     if (!size.ok()) {
      |     ^
D:\Project\MrProper\src\platform\inventory.cpp:423:75: note: +2, including nesting penalty of 1, nesting level increased to 2
  423 |         addIssue(ctx, Stage::DiskSize, state == DeviceState::AccessDenied ? IssueLevel::Warning : IssueLevel::Error,
      |                                                                           ^
D:\Project\MrProper\src\platform\inventory.cpp:427:9: note: +2, including nesting penalty of 1, nesting level increased to 2
  427 |         if (state == DeviceState::AccessDenied) {
      |         ^
D:\Project\MrProper\src\platform\inventory.cpp:439:49: note: +3, including nesting penalty of 2, nesting level increased to 3
  439 |                                  (layoutMissing ? "размер и разметка не прочитаны"
      |                                                 ^
D:\Project\MrProper\src\platform\inventory.cpp:442:11: note: +1, nesting level increased to 2
  442 |         } else {
      |           ^
D:\Project\MrProper\src\platform\inventory.cpp:447:5: note: +1, including nesting penalty of 0, nesting level increased to 1
  447 |     if (!layoutKnown) {
      |     ^
D:\Project\MrProper\src\platform\inventory.cpp:449:77: note: +2, including nesting penalty of 1, nesting level increased to 2
  449 |         addIssue(ctx, Stage::DiskLayout, state == DeviceState::AccessDenied ? IssueLevel::Warning : IssueLevel::Error,
      |                                                                             ^
D:\Project\MrProper\src\platform\inventory.cpp:455:12: note: +1, nesting level increased to 1
  455 |     } else if (!driveLayout.consistent) {
      |            ^
D:\Project\MrProper\src\platform\inventory.cpp:468:5: note: +1, including nesting penalty of 0, nesting level increased to 1
  468 |     if (options.reuseLastKnownProperties) {
      |     ^
D:\Project\MrProper\src\platform\inventory.cpp:469:9: note: +2, including nesting penalty of 1, nesting level increased to 2
  469 |         if (const DiskProperties* known = previousProperties(ctx.previous, disk.number);
      |         ^
D:\Project\MrProper\src\platform\inventory.cpp:470:30: note: +1
  470 |             known != nullptr && known->known) {
      |                              ^
D:\Project\MrProper\src\platform\inventory.cpp:481:5: note: +1, including nesting penalty of 0, nesting level increased to 1
  481 |     if (!probe.sizeKnown && disk.partitions.empty()) {
      |     ^
D:\Project\MrProper\src\platform\inventory.cpp:481:26: note: +1
  481 |     if (!probe.sizeKnown && disk.partitions.empty()) {
      |                          ^
D:\Project\MrProper\src\platform\inventory.cpp:486:5: note: +1, including nesting penalty of 0, nesting level increased to 1
  486 |     if (probe.state != DeviceState::Ok) {
      |     ^
D:\Project\MrProper\src\platform\inventory.cpp:487:9: note: +2, including nesting penalty of 1, nesting level increased to 2
  487 |         if (probe.message.empty()) {
      |         ^
D:\Project\MrProper\src\platform\inventory.cpp:489:13: note: +3, including nesting penalty of 2, nesting level increased to 3
  489 |             if (probe.sizeError != 0) {
      |             ^
D:\Project\MrProper\src\platform\inventory.cpp:492:13: note: +3, including nesting penalty of 2, nesting level increased to 3
  492 |             if (probe.layoutError != 0) {
      |             ^
D:\Project\MrProper\src\platform\inventory.cpp:503:7: note: +1, nesting level increased to 1
  503 |     } else {
      |       ^
D:\Project\MrProper\src\platform\inventory.cpp:353:6: warning: function 'collectOneDisk' exceeds recommended size/complexity thresholds [readability-function-size]
  353 | void collectOneDisk(const devices::DiskInterface& iface, CollectContext& ctx, std::vector<core::PhysicalDisk>& disks,
      |      ^
D:\Project\MrProper\src\platform\inventory.cpp:353:6: note: 159 lines including whitespace and comments (threshold 120)
D:\Project\MrProper\src\platform\inventory.cpp:353:6: note: 82 statements (threshold 60)
D:\Project\MrProper\src\platform\inventory.cpp:540:6: warning: function 'bindVolumes' has cognitive complexity of 63 (threshold 25) [readability-function-cognitive-complexity]
  540 | void bindVolumes(std::vector<core::PhysicalDisk>& disks, volumes::Enumeration volumes, CollectContext& ctx,
      |      ^
D:\Project\MrProper\src\platform\inventory.cpp:546:5: note: +1, including nesting penalty of 0, nesting level increased to 1
  546 |     for (core::PhysicalDisk& disk : disks) {
      |     ^
D:\Project\MrProper\src\platform\inventory.cpp:547:9: note: +2, including nesting penalty of 1, nesting level increased to 2
  547 |         for (core::Partition& partition : disk.partitions) {
      |         ^
D:\Project\MrProper\src\platform\inventory.cpp:548:13: note: +3, including nesting penalty of 2, nesting level increased to 3
  548 |             for (std::size_t index = 0; index < volumes.volumes.size(); ++index) {
      |             ^
D:\Project\MrProper\src\platform\inventory.cpp:550:17: note: +4, including nesting penalty of 3, nesting level increased to 4
  550 |                 if (!extentInside(volume, disk.number, partition.offsetBytes, partition.lengthBytes)) continue;
      |                 ^
D:\Project\MrProper\src\platform\inventory.cpp:551:17: note: +4, including nesting penalty of 3, nesting level increased to 4
  551 |                 if (attached[index]) {
      |                 ^
D:\Project\MrProper\src\platform\inventory.cpp:559:57: note: +5, including nesting penalty of 4, nesting level increased to 5
  559 |                         extraAttachments[index].empty() ? where : extraAttachments[index] + ", " + where;
      |                                                         ^
D:\Project\MrProper\src\platform\inventory.cpp:565:17: note: +4, including nesting penalty of 3, nesting level increased to 4
  565 |                 for (DiskProbe& probe : probes) {
      |                 ^
D:\Project\MrProper\src\platform\inventory.cpp:566:21: note: +5, including nesting penalty of 4, nesting level increased to 5
  566 |                     if (probe.diskNumber == disk.number) {
      |                     ^
D:\Project\MrProper\src\platform\inventory.cpp:575:5: note: +1, including nesting penalty of 0, nesting level increased to 1
  575 |     for (std::size_t index = 0; index < volumes.volumes.size(); ++index) {
      |     ^
D:\Project\MrProper\src\platform\inventory.cpp:577:9: note: +2, including nesting penalty of 1, nesting level increased to 2
  577 |         if (!attached[index]) {
      |         ^
D:\Project\MrProper\src\platform\inventory.cpp:584:26: note: +3, including nesting penalty of 2, nesting level increased to 3
  584 |                          ? volumeLabel(source) +
      |                          ^
D:\Project\MrProper\src\platform\inventory.cpp:590:9: note: +2, including nesting penalty of 1, nesting level increased to 2
  590 |         if (!extraAttachments[index].empty()) {
      |         ^
D:\Project\MrProper\src\platform\inventory.cpp:595:9: note: +2, including nesting penalty of 1, nesting level increased to 2
  595 |         if (!options.queryVolumeSpace) continue;
      |         ^
D:\Project\MrProper\src\platform\inventory.cpp:597:9: note: +2, including nesting penalty of 1, nesting level increased to 2
  597 |         if (root.empty()) continue;
      |         ^
D:\Project\MrProper\src\platform\inventory.cpp:599:9: note: +2, including nesting penalty of 1, nesting level increased to 2
  599 |         if (wideRoot.empty()) {
      |         ^
D:\Project\MrProper\src\platform\inventory.cpp:605:9: note: +2, including nesting penalty of 1, nesting level increased to 2
  605 |         if (!space.ok()) {
      |         ^
D:\Project\MrProper\src\platform\inventory.cpp:609:13: note: +3, including nesting penalty of 2, nesting level increased to 3
  609 |             if (!source.mountPoints.empty()) {
      |             ^
D:\Project\MrProper\src\platform\inventory.cpp:622:9: note: +2, including nesting penalty of 1, nesting level increased to 2
  622 |         for (core::PhysicalDisk& disk : disks) {
      |         ^
D:\Project\MrProper\src\platform\inventory.cpp:624:13: note: +3, including nesting penalty of 2, nesting level increased to 3
  624 |             for (core::Partition& partition : disk.partitions) {
      |             ^
D:\Project\MrProper\src\platform\inventory.cpp:625:17: note: +4, including nesting penalty of 3, nesting level increased to 4
  625 |                 if (!partition.hasVolume) continue;
      |                 ^
D:\Project\MrProper\src\platform\inventory.cpp:626:17: note: +4, including nesting penalty of 3, nesting level increased to 4
  626 |                 if (core::pathKey(partition.volume.volumeGuidPath) != key) continue;
      |                 ^
D:\Project\MrProper\src\platform\inventory.cpp:632:13: note: +3, including nesting penalty of 2, nesting level increased to 3
  632 |             if (updated) break;
      |             ^
D:\Project\MrProper\src\platform\inventory.cpp:540:6: warning: function 'bindVolumes' exceeds recommended size/complexity thresholds [readability-function-size]
  540 | void bindVolumes(std::vector<core::PhysicalDisk>& disks, volumes::Enumeration volumes, CollectContext& ctx,
      |      ^
D:\Project\MrProper\src\platform\inventory.cpp:540:6: note: 88 statements (threshold 60)
D:\Project\MrProper\src\platform\inventory.cpp:751:6: warning: an exception may be thrown in function 'applyProperties' which should not throw exceptions [bugprone-exception-escape]
  751 | void applyProperties(core::PhysicalDisk& disk, const DiskProperties& properties) noexcept {
      |      ^
D:\Project\MrProper\src\platform\inventory.cpp:856:33: warning: an exception may be thrown in function 'collect' which should not throw exceptions [bugprone-exception-escape]
  856 | std::shared_ptr<const Snapshot> collect(const Options& options, RefreshReason reason, const Snapshot* previous) noexcept {
      |                                 ^
D:\Project\MrProper\src\platform\inventory.cpp:856:33: warning: function 'collect' exceeds recommended size/complexity thresholds [readability-function-size]
D:\Project\MrProper\src\platform\inventory.cpp:856:33: note: 132 lines including whitespace and comments (threshold 120)
D:\Project\MrProper\src\platform\inventory.cpp:856:33: note: 78 statements (threshold 60)
D:\Project\MrProper\src\platform\inventory.cpp:1047:14: warning: an exception may be thrown in function 'classifyDeviceChange' which should not throw exceptions [bugprone-exception-escape]
 1047 | DeviceChange classifyDeviceChange(std::uint32_t wParam, std::uintptr_t lParam) noexcept {
      |              ^
D:\Project\MrProper\src\platform\inventory.cpp:1091:65: warning: std::move of the variable 'options' of the trivially-copyable type 'CacheOptions' has no effect; remove std::move() [performance-move-const-arg]
 1091 | InventoryCache::InventoryCache(CacheOptions options) : options_(std::move(options)) {
      |                                                                 ^~~~~~~~~~       ~
D:\Project\MrProper\src\platform\inventory.cpp:1138:71: warning: parameter 'token' is passed by value and only copied once; consider moving it to avoid unnecessary copies [performance-unnecessary-value-param]
 1138 |     worker_ = std::jthread([this](std::stop_token token) { workerLoop(token); });
      |                                                                       ^    
      |                                                                       std::move( )
D:\Project\MrProper\src\platform\inventory.cpp:1300:49: warning: the parameter 'token' is copied for each invocation but only used as a const reference; consider making it a const reference [performance-unnecessary-value-param]
 1300 | void InventoryCache::workerLoop(std::stop_token token) {
      |                                                 ^
      |                                 const          &
D:\Project\MrProper\src\platform\layout.cpp:147:8: warning: Excessive padding in 'struct mrproper::platform::(anonymous namespace)::KnownMbrType' (11 padding bytes, where 3 is optimal). Optimal fields order: name, kind, type, consider reordering the fields or adding explicit padding members [clang-analyzer-optin.performance.Padding]
  147 | struct KnownMbrType {
      | ~~~~~~~^~~~~~~~~~~~~~
  148 |     std::uint8_t type;
      |     ~~~~~~~~~~~~~~~~~~
  149 |     const char* name;
      |     ~~~~~~~~~~~~~~~~~
  150 |     core::PartitionKind kind;
      |     ~~~~~~~~~~~~~~~~~~~~~~~~~
  151 | };
      | ~
D:\Project\MrProper\src\platform\layout.cpp:147:8: note: Excessive padding in 'struct mrproper::platform::(anonymous namespace)::KnownMbrType' (11 padding bytes, where 3 is optimal). Optimal fields order: name, kind, type, consider reordering the fields or adding explicit padding members
  147 | struct KnownMbrType {
      | ~~~~~~~^~~~~~~~~~~~~~
  148 |     std::uint8_t type;
      |     ~~~~~~~~~~~~~~~~~~
  149 |     const char* name;
      |     ~~~~~~~~~~~~~~~~~
  150 |     core::PartitionKind kind;
      |     ~~~~~~~~~~~~~~~~~~~~~~~~~
  151 | };
      | ~
D:\Project\MrProper\src\platform\layout.cpp:253:59: warning: result of a `data()` call may not be null terminated, provide size information to the callee to prevent potential issues [bugprone-suspicious-stringview-data-usage]
  253 |     int needed = MultiByteToWideChar(CP_UTF8, flags, text.data(), size, nullptr, 0);
      |                                                      ~~~~~^~~~
D:\Project\MrProper\src\platform\layout.cpp:257:58: warning: result of a `data()` call may not be null terminated, provide size information to the callee to prevent potential issues [bugprone-suspicious-stringview-data-usage]
  257 |         needed = MultiByteToWideChar(CP_ACP, flags, text.data(), size, nullptr, 0);
      |                                                     ~~~~~^~~~
D:\Project\MrProper\src\platform\layout.cpp:261:51: warning: result of a `data()` call may not be null terminated, provide size information to the callee to prevent potential issues [bugprone-suspicious-stringview-data-usage]
  261 |     if (MultiByteToWideChar(codePage, flags, text.data(), size, wide.data(), needed) <= 0) return {};
      |                                              ~~~~~^~~~
D:\Project\MrProper\src\platform\layout.cpp:324:14: warning: an exception may be thrown in function 'LayoutBuffer' which should not throw exceptions [bugprone-exception-escape]
  324 |     explicit LayoutBuffer(std::size_t bytes) noexcept
      |              ^
D:\Project\MrProper\src\platform\net.cpp:160:13: warning: an exception may be thrown in function 'parseUrlParts' which should not throw exceptions [bugprone-exception-escape]
  160 | FetchStatus parseUrlParts(std::string_view url, Url& out) noexcept {
      |             ^
D:\Project\MrProper\src\platform\net.cpp:160:13: warning: function 'parseUrlParts' has cognitive complexity of 32 (threshold 25) [readability-function-cognitive-complexity]
D:\Project\MrProper\src\platform\net.cpp:161:5: note: +1, including nesting penalty of 0, nesting level increased to 1
  161 |     if (url.empty() || url.size() > kMaxUrlLength) {
      |     ^
D:\Project\MrProper\src\platform\net.cpp:161:21: note: +1
  161 |     if (url.empty() || url.size() > kMaxUrlLength) {
      |                     ^
D:\Project\MrProper\src\platform\net.cpp:167:5: note: +1, including nesting penalty of 0, nesting level increased to 1
  167 |     if (scheme != FetchStatus::Ok) {
      |     ^
D:\Project\MrProper\src\platform\net.cpp:173:5: note: +1, including nesting penalty of 0, nesting level increased to 1
  173 |     if (const std::size_t hash = rest.find('#'); hash != std::string_view::npos) {
      |     ^
D:\Project\MrProper\src\platform\net.cpp:178:5: note: +1, including nesting penalty of 0, nesting level increased to 1
  178 |     for (std::size_t i = 0; i < rest.size(); ++i) {
      |     ^
D:\Project\MrProper\src\platform\net.cpp:179:9: note: +2, including nesting penalty of 1, nesting level increased to 2
  179 |         if (rest[i] == '/' || rest[i] == '?') {
      |         ^
D:\Project\MrProper\src\platform\net.cpp:179:28: note: +1
  179 |         if (rest[i] == '/' || rest[i] == '?') {
      |                            ^
D:\Project\MrProper\src\platform\net.cpp:189:5: note: +1, including nesting penalty of 0, nesting level increased to 1
  189 |     if (target.empty() || target.front() == '?') {
      |     ^
D:\Project\MrProper\src\platform\net.cpp:189:24: note: +1
  189 |     if (target.empty() || target.front() == '?') {
      |                        ^
D:\Project\MrProper\src\platform\net.cpp:196:5: note: +1, including nesting penalty of 0, nesting level increased to 1
  196 |     if (authority.empty()) {
      |     ^
D:\Project\MrProper\src\platform\net.cpp:201:5: note: +1, including nesting penalty of 0, nesting level increased to 1
  201 |     if (authority.find('@') != std::string_view::npos) {
      |     ^
D:\Project\MrProper\src\platform\net.cpp:207:5: note: +1, including nesting penalty of 0, nesting level increased to 1
  207 |     if (authority.find('[') != std::string_view::npos || authority.find(']') != std::string_view::npos) {
      |     ^
D:\Project\MrProper\src\platform\net.cpp:207:55: note: +1
  207 |     if (authority.find('[') != std::string_view::npos || authority.find(']') != std::string_view::npos) {
      |                                                       ^
D:\Project\MrProper\src\platform\net.cpp:213:5: note: +1, including nesting penalty of 0, nesting level increased to 1
  213 |     if (const std::size_t colon = authority.rfind(':'); colon != std::string_view::npos) {
      |     ^
D:\Project\MrProper\src\platform\net.cpp:217:5: note: +1, including nesting penalty of 0, nesting level increased to 1
  217 |     if (host.empty()) {
      |     ^
D:\Project\MrProper\src\platform\net.cpp:220:5: note: +1, including nesting penalty of 0, nesting level increased to 1
  220 |     for (const char ch : host) {
      |     ^
D:\Project\MrProper\src\platform\net.cpp:223:9: note: +2, including nesting penalty of 1, nesting level increased to 2
  223 |         if (!isAsciiPrintable(ch) || ch == ':' || ch == ' ') {
      |         ^
D:\Project\MrProper\src\platform\net.cpp:223:48: note: +1
  223 |         if (!isAsciiPrintable(ch) || ch == ':' || ch == ' ') {
      |                                                ^
D:\Project\MrProper\src\platform\net.cpp:230:5: note: +1, including nesting penalty of 0, nesting level increased to 1
  230 |     if (!port.empty()) {
      |     ^
D:\Project\MrProper\src\platform\net.cpp:232:9: note: +2, including nesting penalty of 1, nesting level increased to 2
  232 |         for (const char ch : port) {
      |         ^
D:\Project\MrProper\src\platform\net.cpp:233:13: note: +3, including nesting penalty of 2, nesting level increased to 3
  233 |             if (!isDigit(ch)) {
      |             ^
D:\Project\MrProper\src\platform\net.cpp:237:13: note: +3, including nesting penalty of 2, nesting level increased to 3
  237 |             if (value > 65535u) {
      |             ^
D:\Project\MrProper\src\platform\net.cpp:241:9: note: +2, including nesting penalty of 1, nesting level increased to 2
  241 |         if (value == 0) {
      |         ^
D:\Project\MrProper\src\platform\net.cpp:249:5: note: +1, including nesting penalty of 0, nesting level increased to 1
  249 |     if (targetCheck != FetchStatus::Ok) {
      |     ^
D:\Project\MrProper\src\platform\net.cpp:160:13: warning: function 'parseUrlParts' exceeds recommended size/complexity thresholds [readability-function-size]
  160 | FetchStatus parseUrlParts(std::string_view url, Url& out) noexcept {
      |             ^
D:\Project\MrProper\src\platform\net.cpp:160:13: note: 84 statements (threshold 60)
D:\Project\MrProper\src\platform\net.cpp:265:13: warning: an exception may be thrown in function 'resolveRedirect' which should not throw exceptions [bugprone-exception-escape]
  265 | FetchStatus resolveRedirect(const Url& base, std::string_view location, Url& out) noexcept {
      |             ^
D:\Project\MrProper\src\platform\net.cpp:265:13: warning: function 'resolveRedirect' has cognitive complexity of 26 (threshold 25) [readability-function-cognitive-complexity]
D:\Project\MrProper\src\platform\net.cpp:268:5: note: +1, including nesting penalty of 0, nesting level increased to 1
  268 |     if (const std::size_t separator = location.find("://");
      |     ^
D:\Project\MrProper\src\platform\net.cpp:269:45: note: +1
  269 |         separator != std::string_view::npos && separator > 0) {
      |                                             ^
D:\Project\MrProper\src\platform\net.cpp:270:9: note: +2, including nesting penalty of 1, nesting level increased to 2
  270 |         if (!equalsIgnoreCase(location.substr(0, separator), "https")) {
      |         ^
D:\Project\MrProper\src\platform\net.cpp:275:5: note: +1, including nesting penalty of 0, nesting level increased to 1
  275 |     if (location.rfind("//", 0) == 0) {
      |     ^
D:\Project\MrProper\src\platform\net.cpp:287:5: note: +1, including nesting penalty of 0, nesting level increased to 1
  287 |     if (location.empty()) {
      |     ^
D:\Project\MrProper\src\platform\net.cpp:290:5: note: +1, including nesting penalty of 0, nesting level increased to 1
  290 |     if (location.front() == '/') {
      |     ^
D:\Project\MrProper\src\platform\net.cpp:292:7: note: +1, nesting level increased to 1
  292 |     } else {
      |       ^
D:\Project\MrProper\src\platform\net.cpp:294:59: note: +2, including nesting penalty of 1, nesting level increased to 2
  294 |         target.resize(lastSlash == std::string_view::npos ? 0 : lastSlash + 1);
      |                                                           ^
D:\Project\MrProper\src\platform\net.cpp:298:5: note: +1, including nesting penalty of 0, nesting level increased to 1
  298 |     if (hash != std::string::npos) {
      |     ^
D:\Project\MrProper\src\platform\net.cpp:304:5: note: +1, including nesting penalty of 0, nesting level increased to 1
  304 |     while (!view.empty()) {
      |     ^
D:\Project\MrProper\src\platform\net.cpp:306:9: note: +2, including nesting penalty of 1, nesting level increased to 2
  306 |         if (cut == std::string_view::npos) {
      |         ^
D:\Project\MrProper\src\platform\net.cpp:310:9: note: +2, including nesting penalty of 1, nesting level increased to 2
  310 |         if (segment == "..") {
      |         ^
D:\Project\MrProper\src\platform\net.cpp:316:13: note: +3, including nesting penalty of 2, nesting level increased to 3
  316 |             if (!segments.empty()) {
      |             ^
D:\Project\MrProper\src\platform\net.cpp:319:16: note: +1, nesting level increased to 2
  319 |         } else if (segment != ".") {
      |                ^
D:\Project\MrProper\src\platform\net.cpp:322:34: note: +2, including nesting penalty of 1, nesting level increased to 2
  322 |         view = cut < view.size() ? view.substr(cut) : std::string_view{};
      |                                  ^
D:\Project\MrProper\src\platform\net.cpp:326:5: note: +1, including nesting penalty of 0, nesting level increased to 1
  326 |     for (const std::string_view segment : segments) {
      |     ^
D:\Project\MrProper\src\platform\net.cpp:329:5: note: +1, including nesting penalty of 0, nesting level increased to 1
  329 |     if (normalized.empty() || normalized.front() != '/') {
      |     ^
D:\Project\MrProper\src\platform\net.cpp:329:28: note: +1
  329 |     if (normalized.empty() || normalized.front() != '/') {
      |                            ^
D:\Project\MrProper\src\platform\net.cpp:338:5: note: +1, including nesting penalty of 0, nesting level increased to 1
  338 |     if (targetCheck != FetchStatus::Ok) {
      |     ^
D:\Project\MrProper\src\platform\net.cpp:265:13: warning: function 'resolveRedirect' exceeds recommended size/complexity thresholds [readability-function-size]
  265 | FetchStatus resolveRedirect(const Url& base, std::string_view location, Url& out) noexcept {
      |             ^
D:\Project\MrProper\src\platform\net.cpp:265:13: note: 63 statements (threshold 60)
D:\Project\MrProper\src\platform\net.cpp:381:12: warning: avoid repeating the return type from the declaration; use a braced initializer list instead [modernize-return-braced-init-list]
  381 |     return std::string(buffer.data(), read);
      |            ^
D:\Project\MrProper\src\platform\net.cpp:481:13: warning: an exception may be thrown in function 'errorText' which should not throw exceptions [bugprone-exception-escape]
  481 | std::string errorText(DWORD code) noexcept {
      |             ^
D:\Project\MrProper\src\platform\net.cpp:536:20: warning: redundant explicit casting to the same type 'DWORD' (aka 'unsigned long') as the sub-expression, remove this casting [readability-redundant-casting]
  536 |     failure.code = static_cast<DWORD>(::GetLastError());
      |                    ^~~~~~~~~~~~~~~~~~~                ~
C:\Program Files (x86)\Windows Kits\10\include\10.0.19041.0\um\errhandlingapi.h:89:1: note: source type originates from the invocation of this function
   89 | GetLastError(
      | ^
D:\Project\MrProper\src\platform\net.cpp:570:24: warning: redundant explicit casting to the same type 'DWORD' (aka 'unsigned long') as the sub-expression, remove this casting [readability-redundant-casting]
  570 |         failure.code = static_cast<DWORD>(::GetLastError());
      |                        ^~~~~~~~~~~~~~~~~~~                ~
C:\Program Files (x86)\Windows Kits\10\include\10.0.19041.0\um\errhandlingapi.h:89:1: note: source type originates from the invocation of this function
   89 | GetLastError(
      | ^
D:\Project\MrProper\src\platform\net.cpp:760:6: warning: function 'fetchImpl' has cognitive complexity of 33 (threshold 25) [readability-function-cognitive-complexity]
  760 | void fetchImpl(std::string_view url, const FetchOptions& options, FetchResult& result) {
      |      ^
D:\Project\MrProper\src\platform\net.cpp:763:5: note: +1, including nesting penalty of 0, nesting level increased to 1
  763 |     if (parsed != FetchStatus::Ok) {
      |     ^
D:\Project\MrProper\src\platform\net.cpp:780:44: note: +1, including nesting penalty of 0, nesting level increased to 1
  780 |         options.proxy == ProxyMode::System ? WINHTTP_ACCESS_TYPE_DEFAULT_PROXY : WINHTTP_ACCESS_TYPE_NO_PROXY;
      |                                            ^
D:\Project\MrProper\src\platform\net.cpp:782:37: note: +1, including nesting penalty of 0, nesting level increased to 1
  782 |         ::WinHttpOpen(agent.empty() ? nullptr : agent.c_str(), accessType, WINHTTP_NO_PROXY_NAME,
      |                                     ^
D:\Project\MrProper\src\platform\net.cpp:784:5: note: +1, including nesting penalty of 0, nesting level increased to 1
  784 |     if (!session.valid()) {
      |     ^
D:\Project\MrProper\src\platform\net.cpp:792:5: note: +1, including nesting penalty of 0, nesting level increased to 1
  792 |     if (failure.code != ERROR_SUCCESS) {
      |     ^
D:\Project\MrProper\src\platform\net.cpp:804:5: note: +1, including nesting penalty of 0, nesting level increased to 1
  804 |     for (;;) {
      |     ^
D:\Project\MrProper\src\platform\net.cpp:806:9: note: +2, including nesting penalty of 1, nesting level increased to 2
  806 |         if (budget <= std::chrono::milliseconds::zero()) {
      |         ^
D:\Project\MrProper\src\platform\net.cpp:811:9: note: +2, including nesting penalty of 1, nesting level increased to 2
  811 |         if (failure.code != ERROR_SUCCESS) {
      |         ^
D:\Project\MrProper\src\platform\net.cpp:817:9: note: +2, including nesting penalty of 1, nesting level increased to 2
  817 |         if (!connect.valid() || connected.host != current.host || connected.port != current.port) {
      |         ^
D:\Project\MrProper\src\platform\net.cpp:817:64: note: +1
  817 |         if (!connect.valid() || connected.host != current.host || connected.port != current.port) {
      |                                                                ^
D:\Project\MrProper\src\platform\net.cpp:821:13: note: +3, including nesting penalty of 2, nesting level increased to 3
  821 |             if (!connect.valid()) {
      |             ^
D:\Project\MrProper\src\platform\net.cpp:832:9: note: +2, including nesting penalty of 1, nesting level increased to 2
  832 |         if (!sendRequest(connect.get(), current, options, response, failure)) {
      |         ^
D:\Project\MrProper\src\platform\net.cpp:838:9: note: +2, including nesting penalty of 1, nesting level increased to 2
  838 |         if (response.tooLarge) {
      |         ^
D:\Project\MrProper\src\platform\net.cpp:844:9: note: +2, including nesting penalty of 1, nesting level increased to 2
  844 |         if (isRedirectCode(response.code)) {
      |         ^
D:\Project\MrProper\src\platform\net.cpp:845:13: note: +3, including nesting penalty of 2, nesting level increased to 3
  845 |             if (static_cast<int>(result.redirects) >= options.maxRedirects) {
      |             ^
D:\Project\MrProper\src\platform\net.cpp:850:13: note: +3, including nesting penalty of 2, nesting level increased to 3
  850 |             if (response.location.empty()) {
      |             ^
D:\Project\MrProper\src\platform\net.cpp:857:13: note: +3, including nesting penalty of 2, nesting level increased to 3
  857 |             if (moved != FetchStatus::Ok) {
      |             ^
D:\Project\MrProper\src\platform\net.cpp:869:9: note: +2, including nesting penalty of 1, nesting level increased to 2
  869 |         if (!isSuccessCode(response.code)) {
      |         ^
D:\Project\MrProper\src\platform\net.cpp:760:6: warning: function 'fetchImpl' exceeds recommended size/complexity thresholds [readability-function-size]
  760 | void fetchImpl(std::string_view url, const FetchOptions& options, FetchResult& result) {
      |      ^
D:\Project\MrProper\src\platform\net.cpp:760:6: note: 121 lines including whitespace and comments (threshold 120)
D:\Project\MrProper\src\platform\net.cpp:760:6: note: 95 statements (threshold 60)
D:\Project\MrProper\src\platform\net.cpp:822:36: warning: redundant explicit casting to the same type 'DWORD' (aka 'unsigned long') as the sub-expression, remove this casting [readability-redundant-casting]
  822 |                 const DWORD code = static_cast<DWORD>(::GetLastError());
      |                                    ^~~~~~~~~~~~~~~~~~~                ~
C:\Program Files (x86)\Windows Kits\10\include\10.0.19041.0\um\errhandlingapi.h:89:1: note: source type originates from the invocation of this function
   89 | GetLastError(
      | ^
D:\Project\MrProper\src\platform\net.cpp:974:13: warning: an exception may be thrown in function 'fetch' which should not throw exceptions [bugprone-exception-escape]
  974 | FetchResult fetch(std::string_view url, const FetchOptions& options) noexcept {
      |             ^
D:\Project\MrProper\src\platform\process_control.cpp:408:31: warning: unused function 'entryFields' [clang-diagnostic-unused-function]
  408 | [[nodiscard]] core::LogFields entryFields(const ShutdownEntry& entry) {
      |                               ^~~~~~~~~~~
D:\Project\MrProper\src\platform\process_control.cpp:489:6: warning: unused function 'markAlreadyExited' [clang-diagnostic-unused-function]
  489 | void markAlreadyExited(ShutdownEntry& entry) {
      |      ^~~~~~~~~~~~~~~~~
D:\Project\MrProper\src\platform\process_control.cpp:670:13: warning: enumeration value 'AlreadyExited' not handled in switch [clang-diagnostic-switch]
  670 |     switch (status) {
      |             ^~~~~~
D:\Project\MrProper\src\platform\process_control.cpp:820:58: warning: avoid repeating the return type from the declaration; use a braced initializer list instead [modernize-return-braced-init-list]
  820 |         if (::GetLastError() != ERROR_BAD_LENGTH) return ScopedHandle();
      |                                                          ^~~~~~~~~~~~~~
      |                                                          {}
D:\Project\MrProper\src\platform\process_control.cpp:822:12: warning: avoid repeating the return type from the declaration; use a braced initializer list instead [modernize-return-braced-init-list]
  822 |     return ScopedHandle();
      |            ^~~~~~~~~~~~~~
      |            {}
D:\Project\MrProper\src\platform\process_control.cpp:992:17: warning: function 'closeProcesses' has cognitive complexity of 112 (threshold 25) [readability-function-cognitive-complexity]
  992 | ShutdownSummary closeProcesses(const ShutdownPreview& preview, const ShutdownOptions& options, std::stop_token stop) {
      |                 ^
D:\Project\MrProper\src\platform\process_control.cpp:996:5: note: +1, including nesting penalty of 0, nesting level increased to 1
  996 |     if (summary.resourcePath.empty() && !options.resourcePath.empty()) {
      |     ^
D:\Project\MrProper\src\platform\process_control.cpp:996:38: note: +1
  996 |     if (summary.resourcePath.empty() && !options.resourcePath.empty()) {
      |                                      ^
D:\Project\MrProper\src\platform\process_control.cpp:1000:5: note: +1, including nesting penalty of 0, nesting level increased to 1
 1000 |     if (summary.entries.empty()) return summary;
      |     ^
D:\Project\MrProper\src\platform\process_control.cpp:1003:5: note: +1, including nesting penalty of 0, nesting level increased to 1
 1003 |     if (stop.stop_requested()) {
      |     ^
D:\Project\MrProper\src\platform\process_control.cpp:1004:9: note: +2, including nesting penalty of 1, nesting level increased to 2
 1004 |         for (ShutdownEntry& entry : summary.entries) {
      |         ^
D:\Project\MrProper\src\platform\process_control.cpp:1005:13: note: +3, including nesting penalty of 2, nesting level increased to 3
 1005 |             if (entry.approvable()) markCancelled(entry);
      |             ^
D:\Project\MrProper\src\platform\process_control.cpp:1015:5: note: +1, including nesting penalty of 0, nesting level increased to 1
 1015 |     for (ShutdownEntry& entry : summary.entries) {
      |     ^
D:\Project\MrProper\src\platform\process_control.cpp:1016:9: note: +2, including nesting penalty of 1, nesting level increased to 2
 1016 |         if (entry.approvable()) candidates.push_back(&entry);
      |         ^
D:\Project\MrProper\src\platform\process_control.cpp:1018:5: note: +1, including nesting penalty of 0, nesting level increased to 1
 1018 |     if (candidates.empty()) {
      |     ^
D:\Project\MrProper\src\platform\process_control.cpp:1026:5: note: +1, including nesting penalty of 0, nesting level increased to 1
 1026 |     if (!options.confirm) {
      |     ^
D:\Project\MrProper\src\platform\process_control.cpp:1027:9: note: +2, including nesting penalty of 1, nesting level increased to 2
 1027 |         for (ShutdownEntry* entry : candidates) {
      |         ^
D:\Project\MrProper\src\platform\process_control.cpp:1042:5: note: +1, including nesting penalty of 0, nesting level increased to 1
 1042 |     for (const ShutdownEntry* entry : candidates) dialog.entries.push_back(*entry);
      |     ^
D:\Project\MrProper\src\platform\process_control.cpp:1048:7: note: +1, including nesting penalty of 0, nesting level increased to 1
 1048 |     } catch (const std::exception& error) {
      |       ^
D:\Project\MrProper\src\platform\process_control.cpp:1053:7: note: +1, including nesting penalty of 0, nesting level increased to 1
 1053 |     } catch (...) {
      |       ^
D:\Project\MrProper\src\platform\process_control.cpp:1061:5: note: +1, including nesting penalty of 0, nesting level increased to 1
 1061 |     if (!granted) {
      |     ^
D:\Project\MrProper\src\platform\process_control.cpp:1062:9: note: +2, including nesting penalty of 1, nesting level increased to 2
 1062 |         for (ShutdownEntry* entry : candidates) {
      |         ^
D:\Project\MrProper\src\platform\process_control.cpp:1076:5: note: +1, including nesting penalty of 0, nesting level increased to 1
 1076 |     for (ShutdownEntry* entry : candidates) {
      |     ^
D:\Project\MrProper\src\platform\process_control.cpp:1077:9: note: +2, including nesting penalty of 1, nesting level increased to 2
 1077 |         if (!isApproved(approved, entry->process)) {
      |         ^
D:\Project\MrProper\src\platform\process_control.cpp:1088:5: note: +1, including nesting penalty of 0, nesting level increased to 1
 1088 |     if (pending.empty()) {
      |     ^
D:\Project\MrProper\src\platform\process_control.cpp:1106:5: note: +1, including nesting penalty of 0, nesting level increased to 1
 1106 |     if (!session.valid()) {
      |     ^
D:\Project\MrProper\src\platform\process_control.cpp:1108:9: note: +2, including nesting penalty of 1, nesting level increased to 2
 1108 |         for (PendingProcess& item : pending) {
      |         ^
D:\Project\MrProper\src\platform\process_control.cpp:1120:61: note: +1, including nesting penalty of 0, nesting level increased to 1
 1120 |     const std::uint32_t attempts = options.maxAttempts == 0 ? 1 : options.maxAttempts;
      |                                                             ^
D:\Project\MrProper\src\platform\process_control.cpp:1124:5: note: +1, including nesting penalty of 0, nesting level increased to 1
 1124 |     for (std::uint32_t attempt = 1; attempt <= attempts; ++attempt) {
      |     ^
D:\Project\MrProper\src\platform\process_control.cpp:1125:9: note: +2, including nesting penalty of 1, nesting level increased to 2
 1125 |         if (stop.stop_requested()) {
      |         ^
D:\Project\MrProper\src\platform\process_control.cpp:1126:13: note: +3, including nesting penalty of 2, nesting level increased to 3
 1126 |             for (PendingProcess& item : pending) markCancelled(*item.entry);
      |             ^
D:\Project\MrProper\src\platform\process_control.cpp:1134:9: note: +2, including nesting penalty of 1, nesting level increased to 2
 1134 |         for (const PendingProcess& item : pending) unique.push_back(toUniqueProcess(item.entry->process));
      |         ^
D:\Project\MrProper\src\platform\process_control.cpp:1137:9: note: +2, including nesting penalty of 1, nesting level increased to 2
 1137 |         if (registration != ERROR_SUCCESS) {
      |         ^
D:\Project\MrProper\src\platform\process_control.cpp:1139:13: note: +3, including nesting penalty of 2, nesting level increased to 3
 1139 |             for (PendingProcess& item : pending) {
      |             ^
D:\Project\MrProper\src\platform\process_control.cpp:1155:9: note: +2, including nesting penalty of 1, nesting level increased to 2
 1155 |         for (PendingProcess& item : pending) {
      |         ^
D:\Project\MrProper\src\platform\process_control.cpp:1156:13: note: +3, including nesting penalty of 2, nesting level increased to 3
 1156 |             if (isCritical(before, static_cast<DWORD>(item.entry->process.pid))) {
      |             ^
D:\Project\MrProper\src\platform\process_control.cpp:1164:9: note: +2, including nesting penalty of 1, nesting level increased to 2
 1164 |         if (pending.empty()) break;
      |         ^
D:\Project\MrProper\src\platform\process_control.cpp:1167:9: note: +2, including nesting penalty of 1, nesting level increased to 2
 1167 |         for (const PendingProcess& item : pending) unique.push_back(toUniqueProcess(item.entry->process));
      |         ^
D:\Project\MrProper\src\platform\process_control.cpp:1168:9: note: +2, including nesting penalty of 1, nesting level increased to 2
 1168 |         if (registerBatch(session, unique, summary.resourcePath) != ERROR_SUCCESS) {
      |         ^
D:\Project\MrProper\src\platform\process_control.cpp:1170:13: note: +3, including nesting penalty of 2, nesting level increased to 3
 1170 |             for (PendingProcess& item : pending) {
      |             ^
D:\Project\MrProper\src\platform\process_control.cpp:1182:9: note: +2, including nesting penalty of 1, nesting level increased to 2
 1182 |         if (code == ERROR_SUCCESS) {
      |         ^
D:\Project\MrProper\src\platform\process_control.cpp:1183:13: note: +3, including nesting penalty of 2, nesting level increased to 3
 1183 |             for (PendingProcess& item : pending) {
      |             ^
D:\Project\MrProper\src\platform\process_control.cpp:1188:17: note: +4, including nesting penalty of 3, nesting level increased to 4
 1188 |                 if (options.exitWait.count() <= 0) {
      |                 ^
D:\Project\MrProper\src\platform\process_control.cpp:1190:24: note: +1, nesting level increased to 4
 1190 |                 } else if (item.handle) {
      |                        ^
D:\Project\MrProper\src\platform\process_control.cpp:1192:19: note: +1, nesting level increased to 4
 1192 |                 } else {
      |                   ^
D:\Project\MrProper\src\platform\process_control.cpp:1199:17: note: +4, including nesting penalty of 3, nesting level increased to 4
 1199 |                 if (exited) {
      |                 ^
D:\Project\MrProper\src\platform\process_control.cpp:1201:24: note: +1, nesting level increased to 4
 1201 |                 } else if (stop.stop_requested()) {
      |                        ^
D:\Project\MrProper\src\platform\process_control.cpp:1203:19: note: +1, nesting level increased to 4
 1203 |                 } else {
      |                   ^
D:\Project\MrProper\src\platform\process_control.cpp:1219:9: note: +2, including nesting penalty of 1, nesting level increased to 2
 1219 |         for (PendingProcess& item : pending) {
      |         ^
D:\Project\MrProper\src\platform\process_control.cpp:1222:54: note: +3, including nesting penalty of 2, nesting level increased to 3
 1222 |             const ULONG appStatus = state != nullptr ? state->status : 0;
      |                                                      ^
D:\Project\MrProper\src\platform\process_control.cpp:1226:13: note: +3, including nesting penalty of 2, nesting level increased to 3
 1226 |             if (statusClosed(appStatus)) {
      |             ^
D:\Project\MrProper\src\platform\process_control.cpp:1233:13: note: +3, including nesting penalty of 2, nesting level increased to 3
 1233 |             if (statusMasked(appStatus)) {
      |             ^
D:\Project\MrProper\src\platform\process_control.cpp:1238:13: note: +3, including nesting penalty of 2, nesting level increased to 3
 1238 |             if (statusErrored(appStatus)) {
      |             ^
D:\Project\MrProper\src\platform\process_control.cpp:1243:13: note: +3, including nesting penalty of 2, nesting level increased to 3
 1243 |             if (code == ERROR_ACCESS_DENIED) {
      |             ^
D:\Project\MrProper\src\platform\process_control.cpp:1251:13: note: +3, including nesting penalty of 2, nesting level increased to 3
 1251 |             if (code == ERROR_CANCELLED || code == ERROR_FAIL_NOACTION_REBOOT) {
      |             ^
D:\Project\MrProper\src\platform\process_control.cpp:1251:41: note: +1
 1251 |             if (code == ERROR_CANCELLED || code == ERROR_FAIL_NOACTION_REBOOT) {
      |                                         ^
D:\Project\MrProper\src\platform\process_control.cpp:1257:13: note: +3, including nesting penalty of 2, nesting level increased to 3
 1257 |             if ((after.rebootReasons & (static_cast<DWORD>(RmRebootReasonCriticalProcess) |
      |             ^
D:\Project\MrProper\src\platform\process_control.cpp:1270:9: note: +2, including nesting penalty of 1, nesting level increased to 2
 1270 |         if (pending.empty()) break;
      |         ^
D:\Project\MrProper\src\platform\process_control.cpp:1272:9: note: +2, including nesting penalty of 1, nesting level increased to 2
 1272 |         if (attempt >= attempts) break;
      |         ^
D:\Project\MrProper\src\platform\process_control.cpp:1273:9: note: +2, including nesting penalty of 1, nesting level increased to 2
 1273 |         if (!waitBackoff(backoffFor(attempt, options), stop)) {
      |         ^
D:\Project\MrProper\src\platform\process_control.cpp:1274:13: note: +3, including nesting penalty of 2, nesting level increased to 3
 1274 |             for (PendingProcess& item : pending) markCancelled(*item.entry);
      |             ^
D:\Project\MrProper\src\platform\process_control.cpp:1281:5: note: +1, including nesting penalty of 0, nesting level increased to 1
 1281 |     if (!pending.empty()) {
      |     ^
D:\Project\MrProper\src\platform\process_control.cpp:1282:72: note: +2, including nesting penalty of 1, nesting level increased to 2
 1282 |         const std::int32_t failure = hresult(lastCode == ERROR_SUCCESS ? ERROR_TIMEOUT : lastCode);
      |                                                                        ^
D:\Project\MrProper\src\platform\process_control.cpp:1283:9: note: +2, including nesting penalty of 1, nesting level increased to 2
 1283 |         for (PendingProcess& item : pending) {
      |         ^
D:\Project\MrProper\src\platform\process_control.cpp:992:17: warning: function 'closeProcesses' exceeds recommended size/complexity thresholds [readability-function-size]
  992 | ShutdownSummary closeProcesses(const ShutdownPreview& preview, const ShutdownOptions& options, std::stop_token stop) {
      |                 ^
D:\Project\MrProper\src\platform\process_control.cpp:992:17: note: 302 lines including whitespace and comments (threshold 120)
D:\Project\MrProper\src\platform\process_control.cpp:992:17: note: 269 statements (threshold 60)
D:\Project\MrProper\src\platform\process_control.cpp:992:112: warning: the parameter 'stop' is copied for each invocation but only used as a const reference; consider making it a const reference [performance-unnecessary-value-param]
  992 | ShutdownSummary closeProcesses(const ShutdownPreview& preview, const ShutdownOptions& options, std::stop_token stop) {
      |                                                                                                                ^
      |                                                                                                const          &
D:\Project\MrProper\src\platform\process_control.cpp:1300:45: warning: parameter 'stop' is passed by value and only copied once; consider moving it to avoid unnecessary copies [performance-unnecessary-value-param]
 1300 |     return closeProcesses(preview, options, stop);
      |                                             ^   
      |                                             std::move( )
D:\Project\MrProper\src\platform\restart_manager.cpp:108:12: warning: avoid repeating the return type from the declaration; use a braced initializer list instead [modernize-return-braced-init-list]
  108 |     return std::wstring(text == nullptr ? L"" : text, boundedLength(text, limit));
      |            ^
D:\Project\MrProper\src\platform\restart_manager.cpp:151:26: warning: an exception may be thrown in function 'probeImage' which should not throw exceptions [bugprone-exception-escape]
  151 | [[nodiscard]] ImageProbe probeImage(DWORD pid) noexcept {
      |                          ^
D:\Project\MrProper\src\platform\restart_manager.cpp:278:25: warning: an exception may be thrown in function 'fetchProcessInfo' which should not throw exceptions [bugprone-exception-escape]
  278 | [[nodiscard]] ListFetch fetchProcessInfo(DWORD sessionKey, std::size_t maxProcesses) noexcept {
      |                         ^
D:\Project\MrProper\src\platform\restart_manager.cpp:278:25: warning: function 'fetchProcessInfo' exceeds recommended size/complexity thresholds [readability-function-size]
D:\Project\MrProper\src\platform\restart_manager.cpp:278:25: note: 62 statements (threshold 60)
D:\Project\MrProper\src\platform\restart_manager.cpp:358:27: warning: an exception may be thrown in function 'toProcessInfo' which should not throw exceptions [bugprone-exception-escape]
  358 | [[nodiscard]] ProcessInfo toProcessInfo(const RM_PROCESS_INFO& raw, const QueryOptions& options) noexcept {
      |                           ^
D:\Project\MrProper\src\platform\restart_manager.cpp:640:16: warning: avoid repeating the return type from the declaration; use a braced initializer list instead [modernize-return-braced-init-list]
  640 |         return std::wstring(file);
      |                ^
D:\Project\MrProper\src\platform\restart_manager.cpp:707:25: warning: an exception may be thrown in function 'registerResources' which should not throw exceptions [bugprone-exception-escape]
  707 | RegisterStatus Session::registerResources(const std::vector<std::wstring>& files,
      |                         ^
D:\Project\MrProper\src\platform\restart_manager.cpp:746:22: warning: an exception may be thrown in function 'list' which should not throw exceptions [bugprone-exception-escape]
  746 | QueryStatus Session::list(LockResult& out, const QueryOptions& options) noexcept {
      |                      ^
D:\Project\MrProper\src\platform\restart_manager.cpp:785:15: warning: an exception may be thrown in function 'end' which should not throw exceptions [bugprone-exception-escape]
  785 | void Session::end() noexcept {
      |               ^
D:\Project\MrProper\src\platform\restart_manager.cpp:820:55: warning: constness of 'text' prevents automatic move [performance-no-automatic-move]
  820 |     if (attributes == INVALID_FILE_ATTRIBUTES) return text;
      |                                                       ^
D:\Project\MrProper\src\platform\restart_manager.cpp:821:62: warning: constness of 'text' prevents automatic move [performance-no-automatic-move]
  821 |     if ((attributes & FILE_ATTRIBUTE_DIRECTORY) == 0) return text;
      |                                                              ^
D:\Project\MrProper\src\platform\rulesync_client.cpp:169:20: warning: function 'ensureDirectoryTree' has cognitive complexity of 28 (threshold 25) [readability-function-cognitive-complexity]
  169 | [[nodiscard]] bool ensureDirectoryTree(const std::wstring& path, std::string& problem) {
      |                    ^
D:\Project\MrProper\src\platform\rulesync_client.cpp:170:5: note: +1, including nesting penalty of 0, nesting level increased to 1
  170 |     if (path.empty()) {
      |     ^
D:\Project\MrProper\src\platform\rulesync_client.cpp:176:5: note: +1, including nesting penalty of 0, nesting level increased to 1
  176 |     for (std::size_t i = 0; i < path.size(); ++i) {
      |     ^
D:\Project\MrProper\src\platform\rulesync_client.cpp:178:9: note: +2, including nesting penalty of 1, nesting level increased to 2
  178 |         if (symbol == L'\\' || symbol == L'/') {
      |         ^
D:\Project\MrProper\src\platform\rulesync_client.cpp:178:29: note: +1
  178 |         if (symbol == L'\\' || symbol == L'/') {
      |                             ^
D:\Project\MrProper\src\platform\rulesync_client.cpp:181:13: note: +3, including nesting penalty of 2, nesting level increased to 3
  181 |             if (partial.size() >= 3u && partial[1] == L':') {
      |             ^
D:\Project\MrProper\src\platform\rulesync_client.cpp:181:38: note: +1
  181 |             if (partial.size() >= 3u && partial[1] == L':') {
      |                                      ^
D:\Project\MrProper\src\platform\rulesync_client.cpp:182:17: note: +4, including nesting penalty of 3, nesting level increased to 4
  182 |                 if (!isDirectory(partial)) {
      |                 ^
D:\Project\MrProper\src\platform\rulesync_client.cpp:188:13: note: +3, including nesting penalty of 2, nesting level increased to 3
  188 |             if (partial.size() <= 2u) continue;  // UNC-префикс и корень
      |             ^
D:\Project\MrProper\src\platform\rulesync_client.cpp:189:13: note: +3, including nesting penalty of 2, nesting level increased to 3
  189 |             if (::CreateDirectoryW(partial.c_str(), nullptr) == FALSE) {
      |             ^
D:\Project\MrProper\src\platform\rulesync_client.cpp:194:17: note: +4, including nesting penalty of 3, nesting level increased to 4
  194 |                 if (hr != hresultFromWin32(ERROR_ALREADY_EXISTS) || !isDirectory(partial)) {
      |                 ^
D:\Project\MrProper\src\platform\rulesync_client.cpp:194:66: note: +1
  194 |                 if (hr != hresultFromWin32(ERROR_ALREADY_EXISTS) || !isDirectory(partial)) {
      |                                                                  ^
D:\Project\MrProper\src\platform\rulesync_client.cpp:203:5: note: +1, including nesting penalty of 0, nesting level increased to 1
  203 |     if (::CreateDirectoryW(partial.c_str(), nullptr) == FALSE) {
      |     ^
D:\Project\MrProper\src\platform\rulesync_client.cpp:205:9: note: +2, including nesting penalty of 1, nesting level increased to 2
  205 |         if (hr != hresultFromWin32(ERROR_ALREADY_EXISTS) || !isDirectory(partial)) {
      |         ^
D:\Project\MrProper\src\platform\rulesync_client.cpp:205:58: note: +1
  205 |         if (hr != hresultFromWin32(ERROR_ALREADY_EXISTS) || !isDirectory(partial)) {
      |                                                          ^
D:\Project\MrProper\src\platform\rulesync_client.cpp:176:5: warning: use range-based for loop instead [modernize-loop-convert]
  176 |     for (std::size_t i = 0; i < path.size(); ++i) {
      |     ^   ~~~~~~~~~~~~~~~~~~~~~~~~~~~~~~~~~~~~~~~~~
      |         (wchar_t symbol : path)
  177 |         const wchar_t symbol = path[i];
      |         ~~~~~~~~~~~~~~~~~~~~~~~~~~~~~~~
  178 |         if (symbol == L'\\' || symbol == L'/') {
D:\Project\MrProper\src\platform\rulesync_client.cpp:487:20: warning: function 'decodeInto' has cognitive complexity of 34 (threshold 25) [readability-function-cognitive-complexity]
  487 | [[nodiscard]] bool decodeInto(std::string_view text, std::size_t expectedBytes, std::vector<std::uint8_t>& out) {
      |                    ^
D:\Project\MrProper\src\platform\rulesync_client.cpp:489:5: note: +1, including nesting penalty of 0, nesting level increased to 1
  489 |     if (body.empty()) return false;
      |     ^
D:\Project\MrProper\src\platform\rulesync_client.cpp:491:20: note: nesting level increased to 1
  491 |     auto valueOf = [](char symbol) -> int {
      |                    ^
D:\Project\MrProper\src\platform\rulesync_client.cpp:492:9: note: +2, including nesting penalty of 1, nesting level increased to 2
  492 |         if (symbol >= 'A' && symbol <= 'Z') return symbol - 'A';
      |         ^
D:\Project\MrProper\src\platform\rulesync_client.cpp:492:27: note: +1
  492 |         if (symbol >= 'A' && symbol <= 'Z') return symbol - 'A';
      |                           ^
D:\Project\MrProper\src\platform\rulesync_client.cpp:493:9: note: +2, including nesting penalty of 1, nesting level increased to 2
  493 |         if (symbol >= 'a' && symbol <= 'z') return symbol - 'a' + 26;
      |         ^
D:\Project\MrProper\src\platform\rulesync_client.cpp:493:27: note: +1
  493 |         if (symbol >= 'a' && symbol <= 'z') return symbol - 'a' + 26;
      |                           ^
D:\Project\MrProper\src\platform\rulesync_client.cpp:494:9: note: +2, including nesting penalty of 1, nesting level increased to 2
  494 |         if (symbol >= '0' && symbol <= '9') return symbol - '0' + 52;
      |         ^
D:\Project\MrProper\src\platform\rulesync_client.cpp:494:27: note: +1
  494 |         if (symbol >= '0' && symbol <= '9') return symbol - '0' + 52;
      |                           ^
D:\Project\MrProper\src\platform\rulesync_client.cpp:495:9: note: +2, including nesting penalty of 1, nesting level increased to 2
  495 |         if (symbol == '+') return 62;
      |         ^
D:\Project\MrProper\src\platform\rulesync_client.cpp:496:9: note: +2, including nesting penalty of 1, nesting level increased to 2
  496 |         if (symbol == '/') return 63;
      |         ^
D:\Project\MrProper\src\platform\rulesync_client.cpp:505:5: note: +1, including nesting penalty of 0, nesting level increased to 1
  505 |     for (const char symbol : body) {
      |     ^
D:\Project\MrProper\src\platform\rulesync_client.cpp:506:9: note: +2, including nesting penalty of 1, nesting level increased to 2
  506 |         if (symbol == '=') {
      |         ^
D:\Project\MrProper\src\platform\rulesync_client.cpp:508:13: note: +3, including nesting penalty of 2, nesting level increased to 3
  508 |             if (padding > 2u) return false;
      |             ^
D:\Project\MrProper\src\platform\rulesync_client.cpp:511:9: note: +2, including nesting penalty of 1, nesting level increased to 2
  511 |         if (padding > 0u) return false;  // выравнивание не в конце
      |         ^
D:\Project\MrProper\src\platform\rulesync_client.cpp:513:9: note: +2, including nesting penalty of 1, nesting level increased to 2
  513 |         if (value < 0) return false;  // пробел внутри строки подписи — не подпись
      |         ^
D:\Project\MrProper\src\platform\rulesync_client.cpp:516:9: note: +2, including nesting penalty of 1, nesting level increased to 2
  516 |         if (bits >= 8) {
      |         ^
D:\Project\MrProper\src\platform\rulesync_client.cpp:518:13: note: +3, including nesting penalty of 2, nesting level increased to 3
  518 |             if (expectedBytes != 0u && out.size() >= expectedBytes) return false;
      |             ^
D:\Project\MrProper\src\platform\rulesync_client.cpp:518:37: note: +1
  518 |             if (expectedBytes != 0u && out.size() >= expectedBytes) return false;
      |                                     ^
D:\Project\MrProper\src\platform\rulesync_client.cpp:522:5: note: +1, including nesting penalty of 0, nesting level increased to 1
  522 |     if (bits >= 6) return false;                 // хвост из «лишней» sextet-группы
      |     ^
D:\Project\MrProper\src\platform\rulesync_client.cpp:523:5: note: +1, including nesting penalty of 0, nesting level increased to 1
  523 |     if (bits > 0 && ((buffer & ((1u << bits) - 1u)) != 0u)) return false;  // небитые биты хвоста
      |     ^
D:\Project\MrProper\src\platform\rulesync_client.cpp:523:18: note: +1
  523 |     if (bits > 0 && ((buffer & ((1u << bits) - 1u)) != 0u)) return false;  // небитые биты хвоста
      |                  ^
D:\Project\MrProper\src\platform\rulesync_client.cpp:524:5: note: +1, including nesting penalty of 0, nesting level increased to 1
  524 |     if (expectedBytes == 0u) return true;
      |     ^
D:\Project\MrProper\src\platform\rulesync_client.cpp:487:20: warning: function 'decodeInto' exceeds recommended size/complexity thresholds [readability-function-size]
  487 | [[nodiscard]] bool decodeInto(std::string_view text, std::size_t expectedBytes, std::vector<std::uint8_t>& out) {
      |                    ^
D:\Project\MrProper\src\platform\rulesync_client.cpp:487:20: note: 62 statements (threshold 60)
D:\Project\MrProper\src\platform\rulesync_client.cpp:726:32: warning: function 'get' has cognitive complexity of 27 (threshold 25) [readability-function-cognitive-complexity]
  726 |     [[nodiscard]] HttpResponse get(const HttpRequest& request) override {
      |                                ^
D:\Project\MrProper\src\platform\rulesync_client.cpp:727:9: note: +1, including nesting penalty of 0, nesting level increased to 1
  727 |         if (session_ == nullptr) return HttpResponse::failure("WinHttpOpen: сессия не создана");
      |         ^
D:\Project\MrProper\src\platform\rulesync_client.cpp:728:9: note: +1, including nesting penalty of 0, nesting level increased to 1
  728 |         if (request.url.empty() || request.url.size() > kMaxUrlChars) {
      |         ^
D:\Project\MrProper\src\platform\rulesync_client.cpp:728:33: note: +1
  728 |         if (request.url.empty() || request.url.size() > kMaxUrlChars) {
      |                                 ^
D:\Project\MrProper\src\platform\rulesync_client.cpp:731:9: note: +1, including nesting penalty of 0, nesting level increased to 1
  731 |         if (!isHttpsUrl(request.url)) {
      |         ^
D:\Project\MrProper\src\platform\rulesync_client.cpp:734:9: note: +1, including nesting penalty of 0, nesting level increased to 1
  734 |         if (request.maxBytes == 0) return HttpResponse::failure("нулевой потолок размера ответа");
      |         ^
D:\Project\MrProper\src\platform\rulesync_client.cpp:748:9: note: +1, including nesting penalty of 0, nesting level increased to 1
  748 |         if (::WinHttpCrackUrl(url.c_str(), static_cast<DWORD>(url.size()), 0, &parts) == FALSE) {
      |         ^
D:\Project\MrProper\src\platform\rulesync_client.cpp:754:57: note: +1, including nesting penalty of 0, nesting level increased to 1
  754 |         const std::wstring objectPath = urlPath.empty() ? std::wstring(L"/") : urlPath + extraInfo;
      |                                                         ^
D:\Project\MrProper\src\platform\rulesync_client.cpp:755:9: note: +1, including nesting penalty of 0, nesting level increased to 1
  755 |         if (hostName.empty() || objectPath.empty()) {
      |         ^
D:\Project\MrProper\src\platform\rulesync_client.cpp:755:30: note: +1
  755 |         if (hostName.empty() || objectPath.empty()) {
      |                              ^
D:\Project\MrProper\src\platform\rulesync_client.cpp:763:9: note: +1, including nesting penalty of 0, nesting level increased to 1
  763 |         if (::WinHttpSetTimeouts(session_, timeout, timeout, timeout, timeout) == FALSE) {
      |         ^
D:\Project\MrProper\src\platform\rulesync_client.cpp:768:9: note: +1, including nesting penalty of 0, nesting level increased to 1
  768 |         if (connection.get() == nullptr) {
      |         ^
D:\Project\MrProper\src\platform\rulesync_client.cpp:778:9: note: +1, including nesting penalty of 0, nesting level increased to 1
  778 |         if (httpRequest.get() == nullptr) {
      |         ^
D:\Project\MrProper\src\platform\rulesync_client.cpp:781:9: note: +1, including nesting penalty of 0, nesting level increased to 1
  781 |         if (::WinHttpSendRequest(httpRequest.get(), WINHTTP_NO_ADDITIONAL_HEADERS, 0, WINHTTP_NO_REQUEST_DATA, 0, 0,
      |         ^
D:\Project\MrProper\src\platform\rulesync_client.cpp:785:9: note: +1, including nesting penalty of 0, nesting level increased to 1
  785 |         if (::WinHttpReceiveResponse(httpRequest.get(), nullptr) == FALSE) {
      |         ^
D:\Project\MrProper\src\platform\rulesync_client.cpp:791:9: note: +1, including nesting penalty of 0, nesting level increased to 1
  791 |         if (::WinHttpQueryHeaders(httpRequest.get(), WINHTTP_QUERY_STATUS_CODE | WINHTTP_QUERY_FLAG_NUMBER,
      |         ^
D:\Project\MrProper\src\platform\rulesync_client.cpp:796:9: note: +1, including nesting penalty of 0, nesting level increased to 1
  796 |         if (statusCode != 200) {
      |         ^
D:\Project\MrProper\src\platform\rulesync_client.cpp:803:9: note: +1, including nesting penalty of 0, nesting level increased to 1
  803 |         while (true) {
      |         ^
D:\Project\MrProper\src\platform\rulesync_client.cpp:805:13: note: +2, including nesting penalty of 1, nesting level increased to 2
  805 |             if (::WinHttpQueryDataAvailable(httpRequest.get(), &available) == FALSE) {
      |             ^
D:\Project\MrProper\src\platform\rulesync_client.cpp:808:13: note: +2, including nesting penalty of 1, nesting level increased to 2
  808 |             if (available == 0) break;
      |             ^
D:\Project\MrProper\src\platform\rulesync_client.cpp:811:13: note: +2, including nesting penalty of 1, nesting level increased to 2
  811 |             if (::WinHttpReadData(httpRequest.get(), buffer.data(), want, &read) == FALSE) {
      |             ^
D:\Project\MrProper\src\platform\rulesync_client.cpp:814:13: note: +2, including nesting penalty of 1, nesting level increased to 2
  814 |             if (read == 0) break;
      |             ^
D:\Project\MrProper\src\platform\rulesync_client.cpp:815:13: note: +2, including nesting penalty of 1, nesting level increased to 2
  815 |             if (body.size() + read > request.maxBytes) {
      |             ^
D:\Project\MrProper\src\platform\rulesync_client.cpp:726:32: warning: function 'get' exceeds recommended size/complexity thresholds [readability-function-size]
  726 |     [[nodiscard]] HttpResponse get(const HttpRequest& request) override {
      |                                ^
D:\Project\MrProper\src\platform\rulesync_client.cpp:726:32: note: 85 statements (threshold 60)
D:\Project\MrProper\src\platform\rulesync_client.cpp:1233:22: warning: function 'runCheck' has cognitive complexity of 58 (threshold 25) [readability-function-cognitive-complexity]
 1233 | UpdateReport Client::runCheck(bool force) {
      |                      ^
D:\Project\MrProper\src\platform\rulesync_client.cpp:1247:5: note: +1, including nesting penalty of 0, nesting level increased to 1
 1247 |     if (!layout_.valid()) {
      |     ^
D:\Project\MrProper\src\platform\rulesync_client.cpp:1252:5: note: +1, including nesting penalty of 0, nesting level increased to 1
 1252 |     if (!transport_) {
      |     ^
D:\Project\MrProper\src\platform\rulesync_client.cpp:1257:5: note: +1, including nesting penalty of 0, nesting level increased to 1
 1257 |     if (!force) {
      |     ^
D:\Project\MrProper\src\platform\rulesync_client.cpp:1258:9: note: +2, including nesting penalty of 1, nesting level increased to 2
 1258 |         if (!status.autoUpdateEnabled) {
      |         ^
D:\Project\MrProper\src\platform\rulesync_client.cpp:1263:9: note: +2, including nesting penalty of 1, nesting level increased to 2
 1263 |         if (!status.shouldCheck(now)) {
      |         ^
D:\Project\MrProper\src\platform\rulesync_client.cpp:1269:5: note: +1, including nesting penalty of 0, nesting level increased to 1
 1269 |     if (config_.manifestUrl.empty()) {
      |     ^
D:\Project\MrProper\src\platform\rulesync_client.cpp:1274:5: note: +1, including nesting penalty of 0, nesting level increased to 1
 1274 |     if (!config_.signature.available()) {
      |     ^
D:\Project\MrProper\src\platform\rulesync_client.cpp:1291:5: note: +1, including nesting penalty of 0, nesting level increased to 1
 1291 |     if (!ensureDirectoryTree(root, problem) || !removeTree(staging, problem) ||
      |     ^
D:\Project\MrProper\src\platform\rulesync_client.cpp:1291:78: note: +1
 1291 |     if (!ensureDirectoryTree(root, problem) || !removeTree(staging, problem) ||
      |                                                                              ^
D:\Project\MrProper\src\platform\rulesync_client.cpp:1300:5: note: +1, including nesting penalty of 0, nesting level increased to 1
 1300 |     if (!fetchText(*transport_, config_.manifestUrl, config_.maxManifestBytes, config_.requestTimeoutMs, deadline,
      |     ^
D:\Project\MrProper\src\platform\rulesync_client.cpp:1307:38: note: +1, including nesting penalty of 0, nesting level increased to 1
 1307 |         config_.signatureUrl.empty() ? urlSibling(config_.manifestUrl, kSignatureFileName) : config_.signatureUrl;
      |                                      ^
D:\Project\MrProper\src\platform\rulesync_client.cpp:1309:5: note: +1, including nesting penalty of 0, nesting level increased to 1
 1309 |     if (!fetchText(*transport_, signatureUrl, config_.maxSignatureBytes, config_.requestTimeoutMs, deadline,
      |     ^
D:\Project\MrProper\src\platform\rulesync_client.cpp:1322:7: note: +1, including nesting penalty of 0, nesting level increased to 1
 1322 |     } catch (const std::exception& error) {
      |       ^
D:\Project\MrProper\src\platform\rulesync_client.cpp:1328:5: note: +1, including nesting penalty of 0, nesting level increased to 1
 1328 |     if (!checkAppVersion(config_, manifest, problem)) {
      |     ^
D:\Project\MrProper\src\platform\rulesync_client.cpp:1333:5: note: +1, including nesting penalty of 0, nesting level increased to 1
 1333 |     if (!checkSignature(config_, manifestBytes, signatureText, problem)) {
      |     ^
D:\Project\MrProper\src\platform\rulesync_client.cpp:1347:5: note: +1, including nesting penalty of 0, nesting level increased to 1
 1347 |     for (const core::ManifestFile& entry : manifest.files) {
      |     ^
D:\Project\MrProper\src\platform\rulesync_client.cpp:1348:9: note: +2, including nesting penalty of 1, nesting level increased to 2
 1348 |         if (!isSafeManifestPath(entry.path)) {
      |         ^
D:\Project\MrProper\src\platform\rulesync_client.cpp:1355:9: note: +2, including nesting penalty of 1, nesting level increased to 2
 1355 |         if (fileUrl.empty() ||
      |         ^
D:\Project\MrProper\src\platform\rulesync_client.cpp:1355:29: note: +1
 1355 |         if (fileUrl.empty() ||
      |                             ^
D:\Project\MrProper\src\platform\rulesync_client.cpp:1363:9: note: +2, including nesting penalty of 1, nesting level increased to 2
 1363 |         if (totalBytes > config_.maxSetBytes) {
      |         ^
D:\Project\MrProper\src\platform\rulesync_client.cpp:1368:9: note: +2, including nesting penalty of 1, nesting level increased to 2
 1368 |         if (entry.sizeDeclared && body.size() != entry.size) {
      |         ^
D:\Project\MrProper\src\platform\rulesync_client.cpp:1368:32: note: +1
 1368 |         if (entry.sizeDeclared && body.size() != entry.size) {
      |                                ^
D:\Project\MrProper\src\platform\rulesync_client.cpp:1377:9: note: +2, including nesting penalty of 1, nesting level increased to 2
 1377 |         if (slash != std::wstring::npos && !ensureDirectoryTree(destination.substr(0, slash), problem)) {
      |         ^
D:\Project\MrProper\src\platform\rulesync_client.cpp:1377:41: note: +1
 1377 |         if (slash != std::wstring::npos && !ensureDirectoryTree(destination.substr(0, slash), problem)) {
      |                                         ^
D:\Project\MrProper\src\platform\rulesync_client.cpp:1382:9: note: +2, including nesting penalty of 1, nesting level increased to 2
 1382 |         if (!writeFileAtomic(destination, body, problem)) {
      |         ^
D:\Project\MrProper\src\platform\rulesync_client.cpp:1394:5: note: +1, including nesting penalty of 0, nesting level increased to 1
 1394 |     if (!writeFileAtomic(insideDirectory(staging, kManifestFileName), manifestBytes, problem) ||
      |     ^
D:\Project\MrProper\src\platform\rulesync_client.cpp:1394:95: note: +1
 1394 |     if (!writeFileAtomic(insideDirectory(staging, kManifestFileName), manifestBytes, problem) ||
      |                                                                                               ^
D:\Project\MrProper\src\platform\rulesync_client.cpp:1404:5: note: +1, including nesting penalty of 0, nesting level increased to 1
 1404 |     if (!listFilesRelative(staging, onDisk, core::kMaxManifestFiles + 2u)) {
      |     ^
D:\Project\MrProper\src\platform\rulesync_client.cpp:1409:5: note: +1, including nesting penalty of 0, nesting level increased to 1
 1409 |     for (const std::string& relative : onDisk) {
      |     ^
D:\Project\MrProper\src\platform\rulesync_client.cpp:1410:9: note: +2, including nesting penalty of 1, nesting level increased to 2
 1410 |         if (relative == kManifestFileName || relative == kSignatureFileName) continue;
      |         ^
D:\Project\MrProper\src\platform\rulesync_client.cpp:1410:43: note: +1
 1410 |         if (relative == kManifestFileName || relative == kSignatureFileName) continue;
      |                                           ^
D:\Project\MrProper\src\platform\rulesync_client.cpp:1411:9: note: +2, including nesting penalty of 1, nesting level increased to 2
 1411 |         if (manifest.byPath(relative) == nullptr) {
      |         ^
D:\Project\MrProper\src\platform\rulesync_client.cpp:1427:5: note: +1, including nesting penalty of 0, nesting level increased to 1
 1427 |     if (!report.verification.ok()) {
      |     ^
D:\Project\MrProper\src\platform\rulesync_client.cpp:1428:9: note: +2, including nesting penalty of 1, nesting level increased to 2
 1428 |         for (const std::string& text : report.verification.errors()) report.problems.push_back(text);
      |         ^
D:\Project\MrProper\src\platform\rulesync_client.cpp:1439:9: note: +1, including nesting penalty of 0, nesting level increased to 1
 1439 |         if (parsed.rules.empty()) {
      |         ^
D:\Project\MrProper\src\platform\rulesync_client.cpp:1444:7: note: +1, including nesting penalty of 0, nesting level increased to 1
 1444 |     } catch (const std::exception& error) {
      |       ^
D:\Project\MrProper\src\platform\rulesync_client.cpp:1453:5: note: +1, including nesting penalty of 0, nesting level increased to 1
 1453 |     if (unresolved) {
      |     ^
D:\Project\MrProper\src\platform\rulesync_client.cpp:1467:5: note: +1, including nesting penalty of 0, nesting level increased to 1
 1467 |     if (!writeFileAtomic(journal, makeJournalText(manifest.version, now), journalProblem)) {
      |     ^
D:\Project\MrProper\src\platform\rulesync_client.cpp:1474:5: note: +1, including nesting penalty of 0, nesting level increased to 1
 1474 |     if (pathExists(previousDir) && !removeTree(previousDir, applyProblem)) {
      |     ^
D:\Project\MrProper\src\platform\rulesync_client.cpp:1474:33: note: +1
 1474 |     if (pathExists(previousDir) && !removeTree(previousDir, applyProblem)) {
      |                                 ^
D:\Project\MrProper\src\platform\rulesync_client.cpp:1481:5: note: +1, including nesting penalty of 0, nesting level increased to 1
 1481 |     if (hadCurrent && !renameInPlace(currentDir, previousDir, applyProblem)) {
      |     ^
D:\Project\MrProper\src\platform\rulesync_client.cpp:1481:20: note: +1
 1481 |     if (hadCurrent && !renameInPlace(currentDir, previousDir, applyProblem)) {
      |                    ^
D:\Project\MrProper\src\platform\rulesync_client.cpp:1487:5: note: +1, including nesting penalty of 0, nesting level increased to 1
 1487 |     if (!renameInPlace(staging, currentDir, applyProblem)) {
      |     ^
D:\Project\MrProper\src\platform\rulesync_client.cpp:1490:9: note: +2, including nesting penalty of 1, nesting level increased to 2
 1490 |         if (hadCurrent) (void)renameInPlace(previousDir, currentDir, undoProblem);
      |         ^
D:\Project\MrProper\src\platform\rulesync_client.cpp:1493:56: note: +2, including nesting penalty of 1, nesting level increased to 2
 1493 |                                   (undoProblem.empty() ? std::string() : "; откат: " + undoProblem));
      |                                                        ^
D:\Project\MrProper\src\platform\rulesync_client.cpp:1233:22: warning: function 'runCheck' exceeds recommended size/complexity thresholds [readability-function-size]
 1233 | UpdateReport Client::runCheck(bool force) {
      |                      ^
D:\Project\MrProper\src\platform\rulesync_client.cpp:1233:22: note: 279 lines including whitespace and comments (threshold 120)
D:\Project\MrProper\src\platform\rulesync_client.cpp:1233:22: note: 222 statements (threshold 60)
D:\Project\MrProper\src\platform\rulesync_client.cpp:1248:25: warning: use emplace_back instead of push_back [modernize-use-emplace]
 1248 |         report.problems.push_back("раскладка каталогов не задана — проверить нечего");
      |                         ^~~~~~~~~~
      |                         emplace_back(
D:\Project\MrProper\src\platform\rulesync_client.cpp:1253:25: warning: use emplace_back instead of push_back [modernize-use-emplace]
 1253 |         report.problems.push_back("транспорт не задан");
      |                         ^~~~~~~~~~
      |                         emplace_back(
D:\Project\MrProper\src\platform\rulesync_client.cpp:1270:25: warning: use emplace_back instead of push_back [modernize-use-emplace]
 1270 |         report.problems.push_back("не задан адрес манифеста набора");
      |                         ^~~~~~~~~~
      |                         emplace_back(
D:\Project\MrProper\src\platform\rulesync_client.cpp:1277:25: warning: use emplace_back instead of push_back [modernize-use-emplace]
 1277 |         report.problems.push_back("проверка подписи недоступна: не задан публичный ключ или верификатор (ADR-008)");
      |                         ^~~~~~~~~~
      |                         emplace_back(
D:\Project\MrProper\src\platform\rulesync_client.cpp:1405:25: warning: use emplace_back instead of push_back [modernize-use-emplace]
 1405 |         report.problems.push_back("в кандидате больше файлов, чем допустимо");
      |                         ^~~~~~~~~~
      |                         emplace_back(
D:\Project\MrProper\src\platform\rulesync_client.cpp:1440:29: warning: use emplace_back instead of push_back [modernize-use-emplace]
 1440 |             report.problems.push_back("набор не содержит ни одного правила");
      |                             ^~~~~~~~~~
      |                             emplace_back(
D:\Project\MrProper\src\platform\rulesync_client.cpp:1514:14: warning: function 'loadActiveRuleSet' exceeds recommended size/complexity thresholds [readability-function-size]
 1514 | bool Client::loadActiveRuleSet(const std::vector<std::pair<std::string, std::string>>& builtInFiles, core::RuleSet& out,
      |              ^
D:\Project\MrProper\src\platform\rulesync_client.cpp:1514:14: note: 63 statements (threshold 60)
D:\Project\MrProper\src\platform\size_probe.cpp:180:28: warning: an exception may be thrown in function '(lambda at D:\Project\MrProper\src\platform\size_probe.cpp:180:28)' which should not throw exceptions [bugprone-exception-escape]
  180 |         std::thread worker([slot, fn = std::forward<Fn>(fn)]() {
      |                            ^
D:\Project\MrProper\src\platform\size_probe.cpp:441:57: warning: an exception may be thrown in function '(lambda at D:\Project\MrProper\src\platform\size_probe.cpp:441:57)' which should not throw exceptions [bugprone-exception-escape]
  441 |                 runWithDeadline<std::uint64_t>(timeout, [path] { return readDiskLength(path); });
      |                                                         ^
D:\Project\MrProper\src\platform\size_probe.cpp:492:55: warning: an exception may be thrown in function '(lambda at D:\Project\MrProper\src\platform\size_probe.cpp:492:55)' which should not throw exceptions [bugprone-exception-escape]
  492 |                 runWithDeadline<VolumeSpace>(timeout, [path] { return readVolumeSpace(path); });
      |                                                       ^
D:\Project\MrProper\src\platform\trim_cache.cpp:311:16: warning: function 'readProperty' exceeds recommended size/complexity thresholds [readability-function-size]
  311 | PropertyAnswer readProperty(HANDLE device, STORAGE_PROPERTY_ID propertyId, const QueryOptions& options,
      |                ^
D:\Project\MrProper\src\platform\trim_cache.cpp:311:16: note: 129 lines including whitespace and comments (threshold 120)
D:\Project\MrProper\src\platform\trim_cache.cpp:311:16: note: 91 statements (threshold 60)
D:\Project\MrProper\src\platform\trim_cache.cpp:340:19: warning: the value returned by this function should not be disregarded; neglecting it may lead to errors [bugprone-unused-return-value]
  340 |             (void)first.request.release();
      |                   ^~~~~~~~~~~~~~~~~~~~~~~
D:\Project\MrProper\src\platform\trim_cache.cpp:395:15: warning: the value returned by this function should not be disregarded; neglecting it may lead to errors [bugprone-unused-return-value]
  395 |         (void)slot.request.release();
      |               ^~~~~~~~~~~~~~~~~~~~~~
D:\Project\MrProper\src\platform\trim_cache.cpp:702:13: warning: an exception may be thrown in function 'yesNo' which should not throw exceptions [bugprone-exception-escape]
  702 | std::string yesNo(Tristate value) noexcept {
      |             ^
D:\Project\MrProper\src\platform\vfs_delete.cpp:158:28: warning: function 'canonicalizePath' has cognitive complexity of 51 (threshold 25) [readability-function-cognitive-complexity]
  158 | [[nodiscard]] std::wstring canonicalizePath(std::wstring_view path) {
      |                            ^
D:\Project\MrProper\src\platform\vfs_delete.cpp:159:5: note: +1, including nesting penalty of 0, nesting level increased to 1
  159 |     if (path.empty()) return {};
      |     ^
D:\Project\MrProper\src\platform\vfs_delete.cpp:163:5: note: +1, including nesting penalty of 0, nesting level increased to 1
  163 |     for (const wchar_t symbol : path) {
      |     ^
D:\Project\MrProper\src\platform\vfs_delete.cpp:165:39: note: +2, including nesting penalty of 1, nesting level increased to 2
  165 |         text.push_back(symbol == L'/' ? L'\\' : symbol);
      |                                       ^
D:\Project\MrProper\src\platform\vfs_delete.cpp:168:5: note: +1, including nesting penalty of 0, nesting level increased to 1
  168 |     if (startsWithNoCase(text, L"\\\\.\\")) return {};        // устройства: удалять нечего и незачем
      |     ^
D:\Project\MrProper\src\platform\vfs_delete.cpp:169:5: note: +1, including nesting penalty of 0, nesting level increased to 1
  169 |     if (startsWithNoCase(text, L"\\\\?\\GLOBALROOT")) return {};
      |     ^
D:\Project\MrProper\src\platform\vfs_delete.cpp:174:5: note: +1, including nesting penalty of 0, nesting level increased to 1
  174 |     if (startsWithNoCase(text, L"\\\\?\\")) {
      |     ^
D:\Project\MrProper\src\platform\vfs_delete.cpp:176:9: note: +2, including nesting penalty of 1, nesting level increased to 2
  176 |         if (separator == std::wstring::npos) {
      |         ^
D:\Project\MrProper\src\platform\vfs_delete.cpp:178:13: note: +3, including nesting penalty of 2, nesting level increased to 3
  178 |             if (text.size() != 6 || !isDriveLetter(text[4]) || text[5] != L':') return {};
      |             ^
D:\Project\MrProper\src\platform\vfs_delete.cpp:178:61: note: +1
  178 |             if (text.size() != 6 || !isDriveLetter(text[4]) || text[5] != L':') return {};
      |                                                             ^
D:\Project\MrProper\src\platform\vfs_delete.cpp:181:11: note: +1, nesting level increased to 2
  181 |         } else {
      |           ^
D:\Project\MrProper\src\platform\vfs_delete.cpp:185:9: note: +2, including nesting penalty of 1, nesting level increased to 2
  185 |         if (startsWithNoCase(std::wstring_view(text).substr(4), L"UNC\\")) {
      |         ^
D:\Project\MrProper\src\platform\vfs_delete.cpp:186:13: note: +3, including nesting penalty of 2, nesting level increased to 3
  186 |             if (!appendUncRoot(text, tailStart, prefix, tailStart)) return {};
      |             ^
D:\Project\MrProper\src\platform\vfs_delete.cpp:188:12: note: +1, nesting level increased to 1
  188 |     } else if (startsWithNoCase(text, L"\\\\")) {
      |            ^
D:\Project\MrProper\src\platform\vfs_delete.cpp:189:9: note: +2, including nesting penalty of 1, nesting level increased to 2
  189 |         if (!appendUncRoot(text, 2, prefix, tailStart)) return {};
      |         ^
D:\Project\MrProper\src\platform\vfs_delete.cpp:190:12: note: +1, nesting level increased to 1
  190 |     } else if (text.size() >= 2 && isDriveLetter(text[0]) && text[1] == L':') {
      |            ^
D:\Project\MrProper\src\platform\vfs_delete.cpp:190:59: note: +1
  190 |     } else if (text.size() >= 2 && isDriveLetter(text[0]) && text[1] == L':') {
      |                                                           ^
D:\Project\MrProper\src\platform\vfs_delete.cpp:191:9: note: +2, including nesting penalty of 1, nesting level increased to 2
  191 |         if (text.size() == 2) {
      |         ^
D:\Project\MrProper\src\platform\vfs_delete.cpp:194:16: note: +1, nesting level increased to 2
  194 |         } else if (text[2] == L'\\') {
      |                ^
D:\Project\MrProper\src\platform\vfs_delete.cpp:197:11: note: +1, nesting level increased to 2
  197 |         } else {
      |           ^
D:\Project\MrProper\src\platform\vfs_delete.cpp:200:7: note: +1, nesting level increased to 1
  200 |     } else {
      |       ^
D:\Project\MrProper\src\platform\vfs_delete.cpp:212:5: note: +1, including nesting penalty of 0, nesting level increased to 1
  212 |     while (index < text.size()) {
      |     ^
D:\Project\MrProper\src\platform\vfs_delete.cpp:214:9: note: +2, including nesting penalty of 1, nesting level increased to 2
  214 |         if (end == std::wstring::npos) end = text.size();
      |         ^
D:\Project\MrProper\src\platform\vfs_delete.cpp:216:9: note: +2, including nesting penalty of 1, nesting level increased to 2
  216 |         if (length == 0 || (length == 1 && text[index] == L'.')) {
      |         ^
D:\Project\MrProper\src\platform\vfs_delete.cpp:216:25: note: +1
  216 |         if (length == 0 || (length == 1 && text[index] == L'.')) {
      |                         ^
D:\Project\MrProper\src\platform\vfs_delete.cpp:216:41: note: +1
  216 |         if (length == 0 || (length == 1 && text[index] == L'.')) {
      |                                         ^
D:\Project\MrProper\src\platform\vfs_delete.cpp:220:9: note: +2, including nesting penalty of 1, nesting level increased to 2
  220 |         if (length == 2 && text[index] == L'.' && text[index + 1] == L'.') {
      |         ^
D:\Project\MrProper\src\platform\vfs_delete.cpp:220:48: note: +1
  220 |         if (length == 2 && text[index] == L'.' && text[index + 1] == L'.') {
      |                                                ^
D:\Project\MrProper\src\platform\vfs_delete.cpp:221:13: note: +3, including nesting penalty of 2, nesting level increased to 3
  221 |             if (lastStart == out.size()) return {};  // выход за корень тома
      |             ^
D:\Project\MrProper\src\platform\vfs_delete.cpp:223:13: note: +3, including nesting penalty of 2, nesting level increased to 3
  223 |             if (previous == std::wstring::npos || previous < prefix.size() - 1) return {};
      |             ^
D:\Project\MrProper\src\platform\vfs_delete.cpp:223:48: note: +1
  223 |             if (previous == std::wstring::npos || previous < prefix.size() - 1) return {};
      |                                                ^
D:\Project\MrProper\src\platform\vfs_delete.cpp:233:9: note: +2, including nesting penalty of 1, nesting level increased to 2
  233 |         if (!out.empty() && out.back() != L'\\') out.push_back(L'\\');
      |         ^
D:\Project\MrProper\src\platform\vfs_delete.cpp:233:26: note: +1
  233 |         if (!out.empty() && out.back() != L'\\') out.push_back(L'\\');
      |                          ^
D:\Project\MrProper\src\platform\vfs_delete.cpp:241:5: note: +1, including nesting penalty of 0, nesting level increased to 1
  241 |     if (out.size() > prefix.size() && out.back() == L'\\') out.pop_back();
      |     ^
D:\Project\MrProper\src\platform\vfs_delete.cpp:241:36: note: +1
  241 |     if (out.size() > prefix.size() && out.back() == L'\\') out.pop_back();
      |                                    ^
D:\Project\MrProper\src\platform\vfs_delete.cpp:158:28: warning: function 'canonicalizePath' exceeds recommended size/complexity thresholds [readability-function-size]
  158 | [[nodiscard]] std::wstring canonicalizePath(std::wstring_view path) {
      |                            ^
D:\Project\MrProper\src\platform\vfs_delete.cpp:158:28: note: 90 statements (threshold 60)
D:\Project\MrProper\src\platform\vfs_delete.cpp:281:32: warning: function 'rootLists' has cognitive complexity of 31 (threshold 25) [readability-function-cognitive-complexity]
  281 | [[nodiscard]] const RootLists& rootLists() {
      |                                ^
D:\Project\MrProper\src\platform\vfs_delete.cpp:282:36: note: nesting level increased to 1
  282 |     static const RootLists lists = [] {
      |                                    ^
D:\Project\MrProper\src\platform\vfs_delete.cpp:289:9: note: +2, including nesting penalty of 1, nesting level increased to 2
  289 |         for (int index = 0; index < 26; ++index) {
      |         ^
D:\Project\MrProper\src\platform\vfs_delete.cpp:291:13: note: +3, including nesting penalty of 2, nesting level increased to 3
  291 |             if ((mask & bit) == 0) continue;
      |             ^
D:\Project\MrProper\src\platform\vfs_delete.cpp:297:9: note: +2, including nesting penalty of 1, nesting level increased to 2
  297 |         if (finder) {
      |         ^
D:\Project\MrProper\src\platform\vfs_delete.cpp:299:13: note: +3, including nesting penalty of 2, nesting level increased to 3
  299 |             while (::FindNextVolumeW(finder.get(), volumeName, MAX_PATH) != FALSE) {
      |             ^
D:\Project\MrProper\src\platform\vfs_delete.cpp:303:9: note: +2, including nesting penalty of 1, nesting level increased to 2
  303 |         for (const std::wstring& volume : built.volumes) {
      |         ^
D:\Project\MrProper\src\platform\vfs_delete.cpp:317:9: note: +2, including nesting penalty of 1, nesting level increased to 2
  317 |         if (windowsLength > 0 && windowsLength < MAX_PATH) {
      |         ^
D:\Project\MrProper\src\platform\vfs_delete.cpp:317:31: note: +1
  317 |         if (windowsLength > 0 && windowsLength < MAX_PATH) {
      |                               ^
D:\Project\MrProper\src\platform\vfs_delete.cpp:326:13: note: +3, including nesting penalty of 2, nesting level increased to 3
  326 |             if (!canonical.empty()) built.guarded.push_back(canonical);
      |             ^
D:\Project\MrProper\src\platform\vfs_delete.cpp:330:9: note: +2, including nesting penalty of 1, nesting level increased to 2
  330 |         if (systemLength > 0 && systemLength < MAX_PATH) {
      |         ^
D:\Project\MrProper\src\platform\vfs_delete.cpp:330:30: note: +1
  330 |         if (systemLength > 0 && systemLength < MAX_PATH) {
      |                              ^
D:\Project\MrProper\src\platform\vfs_delete.cpp:332:13: note: +3, including nesting penalty of 2, nesting level increased to 3
  332 |             if (!canonical.empty()) built.never.push_back(canonical);
      |             ^
D:\Project\MrProper\src\platform\vfs_delete.cpp:337:9: note: +2, including nesting penalty of 1, nesting level increased to 2
  337 |         for (const wchar_t* name : {L"ProgramFiles", L"ProgramFiles(x86)", L"ProgramW6432"}) {
      |         ^
D:\Project\MrProper\src\platform\vfs_delete.cpp:339:13: note: +3, including nesting penalty of 2, nesting level increased to 3
  339 |             if (!canonical.empty()) built.never.push_back(canonical);
      |             ^
D:\Project\MrProper\src\platform\vfs_delete.cpp:344:9: note: +2, including nesting penalty of 1, nesting level increased to 2
  344 |         if (!programData.empty()) built.guarded.push_back(programData);
      |         ^
D:\Project\MrProper\src\platform\vfs_delete.cpp:281:32: warning: function 'rootLists' exceeds recommended size/complexity thresholds [readability-function-size]
  281 | [[nodiscard]] const RootLists& rootLists() {
      |                                ^
D:\Project\MrProper\src\platform\vfs_delete.cpp:281:32: note: 63 statements (threshold 60)
D:\Project\MrProper\src\platform\vfs_delete.cpp:290:31: warning: either cast from 'unsigned int' to 'DWORD' (aka 'unsigned long') is ineffective, or there is loss of precision before the conversion [bugprone-misplaced-widening-cast]
  290 |             const DWORD bit = static_cast<DWORD>(1u << static_cast<unsigned>(index));
      |                               ^
D:\Project\MrProper\src\platform\vfs_delete.cpp:610:28: warning: function 'deleteCanonical' has cognitive complexity of 41 (threshold 25) [readability-function-cognitive-complexity]
  610 | [[nodiscard]] DeleteResult deleteCanonical(const std::wstring& canonical, std::wstring_view reportPath,
      |                            ^
D:\Project\MrProper\src\platform\vfs_delete.cpp:617:5: note: +1, including nesting penalty of 0, nesting level increased to 1
  617 |     if (!check.allowed()) {
      |     ^
D:\Project\MrProper\src\platform\vfs_delete.cpp:622:5: note: +1, including nesting penalty of 0, nesting level increased to 1
  622 |     if (stop.stop_requested()) {
      |     ^
D:\Project\MrProper\src\platform\vfs_delete.cpp:629:5: note: +1, including nesting penalty of 0, nesting level increased to 1
  629 |     if (!tryAttributes(canonical, attributes, win32Error)) {
      |     ^
D:\Project\MrProper\src\platform\vfs_delete.cpp:630:9: note: +2, including nesting penalty of 1, nesting level increased to 2
  630 |         if (isNotFound(win32Error)) {
      |         ^
D:\Project\MrProper\src\platform\vfs_delete.cpp:635:5: note: +1, including nesting penalty of 0, nesting level increased to 1
  635 |     if (isReparseAttribute(attributes)) {
      |     ^
D:\Project\MrProper\src\platform\vfs_delete.cpp:644:5: note: +1, including nesting penalty of 0, nesting level increased to 1
  644 |     if (!tryFinalPath(canonical, finalPath, win32Error)) {
      |     ^
D:\Project\MrProper\src\platform\vfs_delete.cpp:649:5: note: +1, including nesting penalty of 0, nesting level increased to 1
  649 |     if (!finalCheck.allowed()) {
      |     ^
D:\Project\MrProper\src\platform\vfs_delete.cpp:654:62: note: +1, including nesting penalty of 0, nesting level increased to 1
  654 |     const std::uint32_t attempts = prepared.maxAttempts == 0 ? 1U : prepared.maxAttempts;
      |                                                              ^
D:\Project\MrProper\src\platform\vfs_delete.cpp:655:5: note: +1, including nesting penalty of 0, nesting level increased to 1
  655 |     for (;;) {
      |     ^
D:\Project\MrProper\src\platform\vfs_delete.cpp:656:9: note: +2, including nesting penalty of 1, nesting level increased to 2
  656 |         if (stop.stop_requested()) {
      |         ^
D:\Project\MrProper\src\platform\vfs_delete.cpp:659:9: note: +2, including nesting penalty of 1, nesting level increased to 2
  659 |         if (expected) {
      |         ^
D:\Project\MrProper\src\platform\vfs_delete.cpp:662:13: note: +3, including nesting penalty of 2, nesting level increased to 3
  662 |             if (!current) {
      |             ^
D:\Project\MrProper\src\platform\vfs_delete.cpp:663:17: note: +4, including nesting penalty of 3, nesting level increased to 4
  663 |                 if (isNotFound(stampError)) {
      |                 ^
D:\Project\MrProper\src\platform\vfs_delete.cpp:670:13: note: +3, including nesting penalty of 2, nesting level increased to 3
  670 |             if (!current->sameAs(*expected)) {
      |             ^
D:\Project\MrProper\src\platform\vfs_delete.cpp:677:40: note: +2, including nesting penalty of 1, nesting level increased to 2
  677 |         const BOOL removed = directory ? ::RemoveDirectoryW(canonical.c_str()) : ::DeleteFileW(canonical.c_str());
      |                                        ^
D:\Project\MrProper\src\platform\vfs_delete.cpp:678:9: note: +2, including nesting penalty of 1, nesting level increased to 2
  678 |         if (removed != FALSE) {
      |         ^
D:\Project\MrProper\src\platform\vfs_delete.cpp:684:9: note: +2, including nesting penalty of 1, nesting level increased to 2
  684 |         if (isNotFound(code)) {
      |         ^
D:\Project\MrProper\src\platform\vfs_delete.cpp:687:9: note: +2, including nesting penalty of 1, nesting level increased to 2
  687 |         if (isRetryableWin32(static_cast<std::int32_t>(code))) {
      |         ^
D:\Project\MrProper\src\platform\vfs_delete.cpp:688:13: note: +3, including nesting penalty of 2, nesting level increased to 3
  688 |             if (result.attempts < attempts) {
      |             ^
D:\Project\MrProper\src\platform\vfs_delete.cpp:690:17: note: +4, including nesting penalty of 3, nesting level increased to 4
  690 |                 if (!waitBackoff(delay, stop)) {
      |                 ^
D:\Project\MrProper\src\platform\vfs_delete.cpp:700:80: note: +2, including nesting penalty of 1, nesting level increased to 2
  700 |         return refuse(std::move(result), DeleteStatus::Failed, code, directory ? L"RemoveDirectoryW" : L"DeleteFileW");
      |                                                                                ^
D:\Project\MrProper\src\platform\vfs_delete.cpp:610:28: warning: function 'deleteCanonical' exceeds recommended size/complexity thresholds [readability-function-size]
  610 | [[nodiscard]] DeleteResult deleteCanonical(const std::wstring& canonical, std::wstring_view reportPath,
      |                            ^
D:\Project\MrProper\src\platform\vfs_delete.cpp:610:28: note: 69 statements (threshold 60)
D:\Project\MrProper\src\platform\vfs_delete.cpp:859:75: warning: redundant boolean literal supplied to boolean operator [readability-simplify-boolean-expr]
  859 |     if (platform::tryWin32Code(static_cast<HRESULT>(win32Error), code) == false) {
      |         ~~~~~~~~~~~~~~~~~~~~~~~~~~~~~~~~~~~~~~~~~~~~~~~~~~~~~~~~~~~~~~~~~~^~~~~
      |         !platform::tryWin32Code(static_cast<HRESULT>(win32Error), code)
D:\Project\MrProper\src\platform\vfs_delete.cpp:871:102: warning: the parameter 'stop' is copied for each invocation but only used as a const reference; consider making it a const reference [performance-unnecessary-value-param]
  871 | DeleteResult deleteEntry(const DeleteRequest& request, const DeleteOptions& options, std::stop_token stop) {
      |                                                                                                      ^
      |                                                                                      const          &
D:\Project\MrProper\src\platform\vfs_delete.cpp:886:19: warning: function 'deleteTree' has cognitive complexity of 43 (threshold 25) [readability-function-cognitive-complexity]
  886 | TreeDeleteSummary deleteTree(std::wstring_view path, const DeleteOptions& options, std::stop_token stop,
      |                   ^
D:\Project\MrProper\src\platform\vfs_delete.cpp:891:5: note: +1, including nesting penalty of 0, nesting level increased to 1
  891 |     if (root.empty()) {
      |     ^
D:\Project\MrProper\src\platform\vfs_delete.cpp:901:5: note: +1, including nesting penalty of 0, nesting level increased to 1
  901 |     if (!check.allowed()) {
      |     ^
D:\Project\MrProper\src\platform\vfs_delete.cpp:913:5: note: +1, including nesting penalty of 0, nesting level increased to 1
  913 |     if (!tryAttributes(root, attributes, win32Error)) {
      |     ^
D:\Project\MrProper\src\platform\vfs_delete.cpp:916:9: note: +2, including nesting penalty of 1, nesting level increased to 2
  916 |         if (isNotFound(win32Error)) {
      |         ^
D:\Project\MrProper\src\platform\vfs_delete.cpp:920:11: note: +1, nesting level increased to 2
  920 |         } else {
      |           ^
D:\Project\MrProper\src\platform\vfs_delete.cpp:928:5: note: +1, including nesting penalty of 0, nesting level increased to 1
  928 |     if (isReparseAttribute(attributes)) {
      |     ^
D:\Project\MrProper\src\platform\vfs_delete.cpp:937:5: note: +1, including nesting penalty of 0, nesting level increased to 1
  937 |     if ((attributes & FILE_ATTRIBUTE_DIRECTORY) == 0) {
      |     ^
D:\Project\MrProper\src\platform\vfs_delete.cpp:949:5: note: +1, including nesting penalty of 0, nesting level increased to 1
  949 |     while (!stack.empty()) {
      |     ^
D:\Project\MrProper\src\platform\vfs_delete.cpp:950:9: note: +2, including nesting penalty of 1, nesting level increased to 2
  950 |         if (stop.stop_requested()) {
      |         ^
D:\Project\MrProper\src\platform\vfs_delete.cpp:967:9: note: +2, including nesting penalty of 1, nesting level increased to 2
  967 |         if (!finder) {
      |         ^
D:\Project\MrProper\src\platform\vfs_delete.cpp:969:13: note: +3, including nesting penalty of 2, nesting level increased to 3
  969 |             if (isNotFound(code)) continue;  // пустой каталог — норма, а не отказ
      |             ^
D:\Project\MrProper\src\platform\vfs_delete.cpp:977:9: note: +2, including nesting penalty of 1, nesting level increased to 2
  977 |         for (;;) {
      |         ^
D:\Project\MrProper\src\platform\vfs_delete.cpp:978:13: note: +3, including nesting penalty of 2, nesting level increased to 3
  978 |             if (seen % kDeleteCancelCheckPeriod == 0 && stop.stop_requested()) {
      |             ^
D:\Project\MrProper\src\platform\vfs_delete.cpp:978:54: note: +1
  978 |             if (seen % kDeleteCancelCheckPeriod == 0 && stop.stop_requested()) {
      |                                                      ^
D:\Project\MrProper\src\platform\vfs_delete.cpp:991:13: note: +3, including nesting penalty of 2, nesting level increased to 3
  991 |             if (name != L"." && name != L"..") {
      |             ^
D:\Project\MrProper\src\platform\vfs_delete.cpp:991:30: note: +1
  991 |             if (name != L"." && name != L"..") {
      |                              ^
D:\Project\MrProper\src\platform\vfs_delete.cpp:1000:17: note: +4, including nesting penalty of 3, nesting level increased to 4
 1000 |                 if (isReparseAttribute(entry.dwFileAttributes)) {
      |                 ^
D:\Project\MrProper\src\platform\vfs_delete.cpp:1007:24: note: +1, nesting level increased to 4
 1007 |                 } else if ((entry.dwFileAttributes & FILE_ATTRIBUTE_DIRECTORY) != 0) {
      |                        ^
D:\Project\MrProper\src\platform\vfs_delete.cpp:1010:19: note: +1, nesting level increased to 4
 1010 |                 } else {
      |                   ^
D:\Project\MrProper\src\platform\vfs_delete.cpp:1016:13: note: +3, including nesting penalty of 2, nesting level increased to 3
 1016 |             if (::FindNextFileW(finder.get(), &entry) == FALSE) break;
      |             ^
D:\Project\MrProper\src\platform\vfs_delete.cpp:1018:9: note: +2, including nesting penalty of 1, nesting level increased to 2
 1018 |         if (summary.cancelled) break;
      |         ^
D:\Project\MrProper\src\platform\vfs_delete.cpp:1024:5: note: +1, including nesting penalty of 0, nesting level increased to 1
 1024 |     if (!summary.cancelled) {
      |     ^
D:\Project\MrProper\src\platform\vfs_delete.cpp:1025:9: note: +2, including nesting penalty of 1, nesting level increased to 2
 1025 |         for (auto it = pending.rbegin(); it != pending.rend(); ++it) {
      |         ^
D:\Project\MrProper\src\platform\vfs_delete.cpp:1026:13: note: +3, including nesting penalty of 2, nesting level increased to 3
 1026 |             if (stop.stop_requested()) {
      |             ^
D:\Project\MrProper\src\platform\vfs_delete.cpp:886:19: warning: function 'deleteTree' exceeds recommended size/complexity thresholds [readability-function-size]
  886 | TreeDeleteSummary deleteTree(std::wstring_view path, const DeleteOptions& options, std::stop_token stop,
      |                   ^
D:\Project\MrProper\src\platform\vfs_delete.cpp:886:19: note: 159 lines including whitespace and comments (threshold 120)
D:\Project\MrProper\src\platform\vfs_delete.cpp:886:19: note: 118 statements (threshold 60)
D:\Project\MrProper\src\platform\vfs_delete.cpp:886:100: warning: the parameter 'stop' is copied for each invocation but only used as a const reference; consider making it a const reference [performance-unnecessary-value-param]
  886 | TreeDeleteSummary deleteTree(std::wstring_view path, const DeleteOptions& options, std::stop_token stop,
      |                                                                                                    ^
      |                                                                                    const          &
D:\Project\MrProper\src\platform\vfs_delete.cpp:1025:9: warning: use range-based for loop instead [modernize-loop-convert]
   50 |         for (auto it = pending.rbegin(); it != pending.rend(); ++it) {
      |         ^   ~~~~~~~~~~~~~~~~~~~~~~~~~~~~~~~~~~~~~~~~~~~~~~~~~~~~~~~~
      |             (auto & it : std::ranges::reverse_view(pending))
   51 |             if (stop.stop_requested()) {
   52 |                 summary.cancelled = true;
   53 |                 break;
   54 |             }
   55 |             account(summary, deleteCanonical(*it, *it, std::nullopt, prepared, stop), true, prepared, onEntry);
      |                                              ~~~  ~~~
      |                                              it   it
D:\Project\MrProper\src\platform\vfs_paths.cpp:130:40: warning: result of a `data()` call may not be null terminated, provide size information to the callee to prevent potential issues [bugprone-suspicious-stringview-data-usage]
  130 |     return ::CompareStringOrdinal(text.data(), static_cast<int>(prefix.size()), prefix.data(),
      |                                   ~~~~~^~~~
D:\Project\MrProper\src\platform\vfs_paths.cpp:141:20: warning: an exception may be thrown in function 'toExtendedWide' which should not throw exceptions [bugprone-exception-escape]
  141 | [[nodiscard]] bool toExtendedWide(std::wstring& path) noexcept {
      |                    ^
D:\Project\MrProper\src\platform\vfs_paths.cpp:177:28: warning: an exception may be thrown in function 'canonicalWide' which should not throw exceptions [bugprone-exception-escape]
  177 | [[nodiscard]] std::wstring canonicalWide(std::string_view extendedUtf8) noexcept {
      |                            ^
D:\Project\MrProper\src\platform\vfs_paths.cpp:219:21: warning: an exception may be thrown in function 'finalPathWide' which should not throw exceptions [bugprone-exception-escape]
  219 | [[nodiscard]] DWORD finalPathWide(HANDLE handle, DWORD flags, std::wstring& out) noexcept {
      |                     ^
D:\Project\MrProper\src\platform\vfs_paths.cpp:251:28: warning: an exception may be thrown in function 'environmentValue' which should not throw exceptions [bugprone-exception-escape]
  251 | [[nodiscard]] std::wstring environmentValue(const wchar_t* name) noexcept {
      |                            ^
D:\Project\MrProper\src\platform\vfs_paths.cpp:257:45: warning: avoid repeating the return type from the declaration; use a braced initializer list instead [modernize-return-braced-init-list]
  257 |         if (written < buffer.size()) return std::wstring(buffer.data(), written);
      |                                             ^
D:\Project\MrProper\src\platform\vfs_paths.cpp:266:6: warning: an exception may be thrown in function 'addProtectedRoot' which should not throw exceptions [bugprone-exception-escape]
  266 | void addProtectedRoot(std::vector<std::wstring>& forms, std::wstring value) noexcept {
      |      ^
D:\Project\MrProper\src\platform\vfs_paths.cpp:361:6: warning: an exception may be thrown in function 'logRejected' which should not throw exceptions [bugprone-exception-escape]
  361 | void logRejected(const char* message, Verdict verdict, std::string_view pathUtf8, std::uint32_t lastError) noexcept {
      |      ^
D:\Project\MrProper\src\platform\vfs_paths.cpp:405:13: warning: an exception may be thrown in function 'toExtendedPath' which should not throw exceptions [bugprone-exception-escape]
  405 | std::string toExtendedPath(std::string_view pathUtf8) noexcept {
      |             ^
D:\Project\MrProper\src\platform\vfs_paths.cpp:415:6: warning: an exception may be thrown in function 'isReparsePoint' which should not throw exceptions [bugprone-exception-escape]
  415 | bool isReparsePoint(std::string_view pathUtf8, std::uint32_t& lastError) noexcept {
      |      ^
D:\Project\MrProper\src\platform\vfs_paths.cpp:440:12: warning: an exception may be thrown in function 'resolve' which should not throw exceptions [bugprone-exception-escape]
  440 | Resolution resolve(std::string_view pathUtf8) noexcept {
      |            ^
D:\Project\MrProper\src\platform\vfs_paths.cpp:549:11: warning: an exception may be thrown in function 'prepareRoot' which should not throw exceptions [bugprone-exception-escape]
  549 | RootGuard prepareRoot(std::string_view rootUtf8) noexcept {
      |           ^
D:\Project\MrProper\src\platform\vfs_paths.cpp:582:7: warning: an exception may be thrown in function 'checkRuleRoot' which should not throw exceptions [bugprone-exception-escape]
  582 | Guard checkRuleRoot(std::string_view pathUtf8, const RootGuard& root) noexcept {
      |       ^
D:\Project\MrProper\src\platform\vfs_trash.cpp:558:13: warning: function 'copyDirectoryTree' has cognitive complexity of 73 (threshold 25) [readability-function-cognitive-complexity]
  558 | TrashStatus copyDirectoryTree(const std::wstring& source, const std::wstring& destination, Transfer& transfer) {
      |             ^
D:\Project\MrProper\src\platform\vfs_trash.cpp:563:63: note: +1, including nesting penalty of 0, nesting level increased to 1
  563 |     const TrashOptions& options = transfer.options != nullptr ? *transfer.options : none;
      |                                                               ^
D:\Project\MrProper\src\platform\vfs_trash.cpp:570:5: note: +1, including nesting penalty of 0, nesting level increased to 1
  570 |     while (!stack.empty()) {
      |     ^
D:\Project\MrProper\src\platform\vfs_trash.cpp:571:9: note: +2, including nesting penalty of 1, nesting level increased to 2
  571 |         if (transfer.cancelRequested()) return TrashStatus::Cancelled;
      |         ^
D:\Project\MrProper\src\platform\vfs_trash.cpp:574:9: note: +2, including nesting penalty of 1, nesting level increased to 2
  574 |         if (!frame.expanded) {
      |         ^
D:\Project\MrProper\src\platform\vfs_trash.cpp:581:56: note: +3, including nesting penalty of 2, nesting level increased to 3
  581 |             const std::wstring target = frame.isRoot() ? destination : joinWide(destination, relBase);
      |                                                        ^
D:\Project\MrProper\src\platform\vfs_trash.cpp:586:13: note: +3, including nesting penalty of 2, nesting level increased to 3
  586 |             if (!boundary.allows(current)) {
      |             ^
D:\Project\MrProper\src\platform\vfs_trash.cpp:594:13: note: +3, including nesting penalty of 2, nesting level increased to 3
  594 |             if (attributesOf(current, frameData) && isReparse(frameData.dwFileAttributes)) {
      |             ^
D:\Project\MrProper\src\platform\vfs_trash.cpp:594:50: note: +1
  594 |             if (attributesOf(current, frameData) && isReparse(frameData.dwFileAttributes)) {
      |                                                  ^
D:\Project\MrProper\src\platform\vfs_trash.cpp:596:17: note: +4, including nesting penalty of 3, nesting level increased to 4
  596 |                 if (frame.isRoot()) {
      |                 ^
D:\Project\MrProper\src\platform\vfs_trash.cpp:605:13: note: +3, including nesting penalty of 2, nesting level increased to 3
  605 |             if (!directoryExists(target)) {
      |             ^
D:\Project\MrProper\src\platform\vfs_trash.cpp:606:17: note: +4, including nesting penalty of 3, nesting level increased to 4
  606 |                 if (::CreateDirectoryW(target.c_str(), nullptr) == FALSE) {
      |                 ^
D:\Project\MrProper\src\platform\vfs_trash.cpp:608:21: note: +5, including nesting penalty of 4, nesting level increased to 5
  608 |                     if (error != ERROR_ALREADY_EXISTS) return classify(error);
      |                     ^
D:\Project\MrProper\src\platform\vfs_trash.cpp:612:13: note: +3, including nesting penalty of 2, nesting level increased to 3
  612 |             if (transfer.options == nullptr || transfer.options->applyTimestamps) {
      |             ^
D:\Project\MrProper\src\platform\vfs_trash.cpp:612:45: note: +1
  612 |             if (transfer.options == nullptr || transfer.options->applyTimestamps) {
      |                                             ^
D:\Project\MrProper\src\platform\vfs_trash.cpp:614:17: note: +4, including nesting penalty of 3, nesting level increased to 4
  614 |                 if (attributesOf(current, data)) {
      |                 ^
D:\Project\MrProper\src\platform\vfs_trash.cpp:621:13: note: +3, including nesting penalty of 2, nesting level increased to 3
  621 |             if (!scan.valid()) {
      |             ^
D:\Project\MrProper\src\platform\vfs_trash.cpp:626:17: note: +4, including nesting penalty of 3, nesting level increased to 4
  626 |                 if (error == ERROR_ACCESS_DENIED || error == ERROR_SHARING_VIOLATION) return classify(error);
      |                 ^
D:\Project\MrProper\src\platform\vfs_trash.cpp:626:50: note: +1
  626 |                 if (error == ERROR_ACCESS_DENIED || error == ERROR_SHARING_VIOLATION) return classify(error);
      |                                                  ^
D:\Project\MrProper\src\platform\vfs_trash.cpp:627:15: note: +1, nesting level increased to 3
  627 |             } else {
      |               ^
D:\Project\MrProper\src\platform\vfs_trash.cpp:629:17: note: +4, including nesting penalty of 3, nesting level increased to 4
  629 |                 while (scan.next(name)) {
      |                 ^
D:\Project\MrProper\src\platform\vfs_trash.cpp:635:21: note: +5, including nesting penalty of 4, nesting level increased to 5
  635 |                     if (isReparse(data.dwFileAttributes)) {
      |                     ^
D:\Project\MrProper\src\platform\vfs_trash.cpp:639:21: note: +5, including nesting penalty of 4, nesting level increased to 5
  639 |                     if ((data.dwFileAttributes & FILE_ATTRIBUTE_DIRECTORY) != 0) {
      |                     ^
D:\Project\MrProper\src\platform\vfs_trash.cpp:645:21: note: +5, including nesting penalty of 4, nesting level increased to 5
  645 |                     if (status != TrashStatus::Ok) return status;
      |                     ^
D:\Project\MrProper\src\platform\vfs_trash.cpp:655:9: note: +2, including nesting penalty of 1, nesting level increased to 2
  655 |         if (frame.haveModified) {
      |         ^
D:\Project\MrProper\src\platform\vfs_trash.cpp:656:56: note: +3, including nesting penalty of 2, nesting level increased to 3
  656 |             const std::wstring target = frame.isRoot() ? destination : joinWide(destination, frame.rel);
      |                                                        ^
D:\Project\MrProper\src\platform\vfs_trash.cpp:558:13: warning: function 'copyDirectoryTree' exceeds recommended size/complexity thresholds [readability-function-size]
  558 | TrashStatus copyDirectoryTree(const std::wstring& source, const std::wstring& destination, Transfer& transfer) {
      |             ^
D:\Project\MrProper\src\platform\vfs_trash.cpp:558:13: note: 82 statements (threshold 60)
D:\Project\MrProper\src\platform\vfs_trash.cpp:671:13: warning: function 'walkTree' has cognitive complexity of 161 (threshold 25) [readability-function-cognitive-complexity]
  671 | TrashStatus walkTree(const std::wstring& root, const TrashOptions& options, bool remove, TrashPurgeResult& result) {
      |             ^
D:\Project\MrProper\src\platform\vfs_trash.cpp:677:5: note: +1, including nesting penalty of 0, nesting level increased to 1
  677 |     if (!attributesOf(root, rootData)) {
      |     ^
D:\Project\MrProper\src\platform\vfs_trash.cpp:679:9: note: +2, including nesting penalty of 1, nesting level increased to 2
  679 |         if (result.status == TrashStatus::NotFound) result.notFound = true;
      |         ^
D:\Project\MrProper\src\platform\vfs_trash.cpp:682:5: note: +1, including nesting penalty of 0, nesting level increased to 1
  682 |     if (!boundary.allows(root)) {
      |     ^
D:\Project\MrProper\src\platform\vfs_trash.cpp:691:5: note: +1, including nesting penalty of 0, nesting level increased to 1
  691 |     if ((rootData.dwFileAttributes & FILE_ATTRIBUTE_DIRECTORY) == 0) {
      |     ^
D:\Project\MrProper\src\platform\vfs_trash.cpp:694:9: note: +2, including nesting penalty of 1, nesting level increased to 2
  694 |         if (!remove) return TrashStatus::Ok;
      |         ^
D:\Project\MrProper\src\platform\vfs_trash.cpp:697:9: note: +2, including nesting penalty of 1, nesting level increased to 2
  697 |         if (isReadOnly(rootData.dwFileAttributes)) (void)clearReadOnly(rootPath);
      |         ^
D:\Project\MrProper\src\platform\vfs_trash.cpp:698:9: note: +2, including nesting penalty of 1, nesting level increased to 2
  698 |         if (::DeleteFileW(rootPath.c_str()) == FALSE) {
      |         ^
D:\Project\MrProper\src\platform\vfs_trash.cpp:700:13: note: +3, including nesting penalty of 2, nesting level increased to 3
  700 |             if (error == ERROR_FILE_NOT_FOUND || error == ERROR_PATH_NOT_FOUND) {
      |             ^
D:\Project\MrProper\src\platform\vfs_trash.cpp:700:47: note: +1
  700 |             if (error == ERROR_FILE_NOT_FOUND || error == ERROR_PATH_NOT_FOUND) {
      |                                               ^
D:\Project\MrProper\src\platform\vfs_trash.cpp:717:34: note: nesting level increased to 1
  717 |     const auto cancelRequested = [&options, &ticksLeft]() {
      |                                  ^
D:\Project\MrProper\src\platform\vfs_trash.cpp:718:9: note: +2, including nesting penalty of 1, nesting level increased to 2
  718 |         if (ticksLeft == 0) {
      |         ^
D:\Project\MrProper\src\platform\vfs_trash.cpp:719:55: note: +3, including nesting penalty of 2, nesting level increased to 3
  719 |             ticksLeft = options.cancelCheckEvery != 0 ? options.cancelCheckEvery : kTrashCancelCheckEvery;
      |                                                       ^
D:\Project\MrProper\src\platform\vfs_trash.cpp:720:13: note: +3, including nesting penalty of 2, nesting level increased to 3
  720 |             if (options.stop.stop_requested()) return true;
      |             ^
D:\Project\MrProper\src\platform\vfs_trash.cpp:726:5: note: +1, including nesting penalty of 0, nesting level increased to 1
  726 |     while (!stack.empty()) {
      |     ^
D:\Project\MrProper\src\platform\vfs_trash.cpp:727:9: note: +2, including nesting penalty of 1, nesting level increased to 2
  727 |         if (cancelRequested()) {
      |         ^
D:\Project\MrProper\src\platform\vfs_trash.cpp:734:9: note: +2, including nesting penalty of 1, nesting level increased to 2
  734 |         if (!frame.expanded) {
      |         ^
D:\Project\MrProper\src\platform\vfs_trash.cpp:740:13: note: +3, including nesting penalty of 2, nesting level increased to 3
  740 |             if (!directoryExists(current)) {
      |             ^
D:\Project\MrProper\src\platform\vfs_trash.cpp:743:17: note: +4, including nesting penalty of 3, nesting level increased to 4
  743 |                 if (frame.isRoot()) {
      |                 ^
D:\Project\MrProper\src\platform\vfs_trash.cpp:760:13: note: +3, including nesting penalty of 2, nesting level increased to 3
  760 |             if (attributesOf(current, frameData) && isReparse(frameData.dwFileAttributes)) {
      |             ^
D:\Project\MrProper\src\platform\vfs_trash.cpp:760:50: note: +1
  760 |             if (attributesOf(current, frameData) && isReparse(frameData.dwFileAttributes)) {
      |                                                  ^
D:\Project\MrProper\src\platform\vfs_trash.cpp:764:17: note: +4, including nesting penalty of 3, nesting level increased to 4
  764 |                 if (frame.isRoot()) {
      |                 ^
D:\Project\MrProper\src\platform\vfs_trash.cpp:773:13: note: +3, including nesting penalty of 2, nesting level increased to 3
  773 |             if (!boundary.allows(current)) {
      |             ^
D:\Project\MrProper\src\platform\vfs_trash.cpp:777:17: note: +4, including nesting penalty of 3, nesting level increased to 4
  777 |                 if (frame.isRoot()) {
      |                 ^
D:\Project\MrProper\src\platform\vfs_trash.cpp:788:13: note: +3, including nesting penalty of 2, nesting level increased to 3
  788 |             if (!scan.valid()) {
      |             ^
D:\Project\MrProper\src\platform\vfs_trash.cpp:790:17: note: +4, including nesting penalty of 3, nesting level increased to 4
  790 |                 if (frame.isRoot()) {
      |                 ^
D:\Project\MrProper\src\platform\vfs_trash.cpp:791:21: note: +5, including nesting penalty of 4, nesting level increased to 5
  791 |                     if (error == ERROR_PATH_NOT_FOUND || error == ERROR_FILE_NOT_FOUND) {
      |                     ^
D:\Project\MrProper\src\platform\vfs_trash.cpp:791:55: note: +1
  791 |                     if (error == ERROR_PATH_NOT_FOUND || error == ERROR_FILE_NOT_FOUND) {
      |                                                       ^
D:\Project\MrProper\src\platform\vfs_trash.cpp:796:21: note: +5, including nesting penalty of 4, nesting level increased to 5
  796 |                     if (error == ERROR_ACCESS_DENIED || error == ERROR_SHARING_VIOLATION) {
      |                     ^
D:\Project\MrProper\src\platform\vfs_trash.cpp:796:54: note: +1
  796 |                     if (error == ERROR_ACCESS_DENIED || error == ERROR_SHARING_VIOLATION) {
      |                                                      ^
D:\Project\MrProper\src\platform\vfs_trash.cpp:802:19: note: +1, nesting level increased to 4
  802 |                 } else {
      |                   ^
D:\Project\MrProper\src\platform\vfs_trash.cpp:807:15: note: +1, nesting level increased to 3
  807 |             } else {
      |               ^
D:\Project\MrProper\src\platform\vfs_trash.cpp:809:17: note: +4, including nesting penalty of 3, nesting level increased to 4
  809 |                 while (scan.next(name)) {
      |                 ^
D:\Project\MrProper\src\platform\vfs_trash.cpp:815:21: note: +5, including nesting penalty of 4, nesting level increased to 5
  815 |                     if (isLink) {
      |                     ^
D:\Project\MrProper\src\platform\vfs_trash.cpp:819:25: note: +6, including nesting penalty of 5, nesting level increased to 6
  819 |                         if (remove) {
      |                         ^
D:\Project\MrProper\src\platform\vfs_trash.cpp:820:29: note: +7, including nesting penalty of 6, nesting level increased to 7
  820 |                             if (isReadOnly(data.dwFileAttributes)) (void)clearReadOnly(child);
      |                             ^
D:\Project\MrProper\src\platform\vfs_trash.cpp:822:39: note: +7, including nesting penalty of 6, nesting level increased to 7
  822 |                                 isDir ? ::RemoveDirectoryW(child.c_str()) : ::DeleteFileW(child.c_str());
      |                                       ^
D:\Project\MrProper\src\platform\vfs_trash.cpp:823:29: note: +7, including nesting penalty of 6, nesting level increased to 7
  823 |                             if (removed == FALSE) {
      |                             ^
D:\Project\MrProper\src\platform\vfs_trash.cpp:825:33: note: +8, including nesting penalty of 7, nesting level increased to 8
  825 |                                 if (error != ERROR_FILE_NOT_FOUND && error != ERROR_PATH_NOT_FOUND) {
      |                                 ^
D:\Project\MrProper\src\platform\vfs_trash.cpp:825:67: note: +1
  825 |                                 if (error != ERROR_FILE_NOT_FOUND && error != ERROR_PATH_NOT_FOUND) {
      |                                                                   ^
D:\Project\MrProper\src\platform\vfs_trash.cpp:831:31: note: +1, nesting level increased to 7
  831 |                             } else {
      |                               ^
D:\Project\MrProper\src\platform\vfs_trash.cpp:837:21: note: +5, including nesting penalty of 4, nesting level increased to 5
  837 |                     if (isDir) {
      |                     ^
D:\Project\MrProper\src\platform\vfs_trash.cpp:841:21: note: +5, including nesting penalty of 4, nesting level increased to 5
  841 |                     if (remove) {
      |                     ^
D:\Project\MrProper\src\platform\vfs_trash.cpp:842:25: note: +6, including nesting penalty of 5, nesting level increased to 6
  842 |                         if (isReadOnly(data.dwFileAttributes)) (void)clearReadOnly(child);
      |                         ^
D:\Project\MrProper\src\platform\vfs_trash.cpp:843:25: note: +6, including nesting penalty of 5, nesting level increased to 6
  843 |                         if (::DeleteFileW(child.c_str()) == FALSE) {
      |                         ^
D:\Project\MrProper\src\platform\vfs_trash.cpp:845:29: note: +7, including nesting penalty of 6, nesting level increased to 7
  845 |                             if (error != ERROR_FILE_NOT_FOUND && error != ERROR_PATH_NOT_FOUND) {
      |                             ^
D:\Project\MrProper\src\platform\vfs_trash.cpp:845:63: note: +1
  845 |                             if (error != ERROR_FILE_NOT_FOUND && error != ERROR_PATH_NOT_FOUND) {
      |                                                               ^
D:\Project\MrProper\src\platform\vfs_trash.cpp:851:27: note: +1, nesting level increased to 6
  851 |                         } else {
      |                           ^
D:\Project\MrProper\src\platform\vfs_trash.cpp:854:23: note: +1, nesting level increased to 5
  854 |                     } else {
      |                       ^
D:\Project\MrProper\src\platform\vfs_trash.cpp:867:9: note: +2, including nesting penalty of 1, nesting level increased to 2
  867 |         if (remove) {
      |         ^
D:\Project\MrProper\src\platform\vfs_trash.cpp:868:13: note: +3, including nesting penalty of 2, nesting level increased to 3
  868 |             if (::RemoveDirectoryW(frame.path.c_str()) == FALSE) {
      |             ^
D:\Project\MrProper\src\platform\vfs_trash.cpp:870:17: note: +4, including nesting penalty of 3, nesting level increased to 4
  870 |                 if (error != ERROR_DIR_NOT_EMPTY && error != ERROR_FILE_NOT_FOUND &&
      |                 ^
D:\Project\MrProper\src\platform\vfs_trash.cpp:870:83: note: +1
  870 |                 if (error != ERROR_DIR_NOT_EMPTY && error != ERROR_FILE_NOT_FOUND &&
      |                                                                                   ^
D:\Project\MrProper\src\platform\vfs_trash.cpp:877:15: note: +1, nesting level increased to 3
  877 |             } else {
      |               ^
D:\Project\MrProper\src\platform\vfs_trash.cpp:880:11: note: +1, nesting level increased to 2
  880 |         } else {
      |           ^
D:\Project\MrProper\src\platform\vfs_trash.cpp:671:13: warning: function 'walkTree' exceeds recommended size/complexity thresholds [readability-function-size]
  671 | TrashStatus walkTree(const std::wstring& root, const TrashOptions& options, bool remove, TrashPurgeResult& result) {
      |             ^
D:\Project\MrProper\src\platform\vfs_trash.cpp:671:13: note: 215 lines including whitespace and comments (threshold 120)
D:\Project\MrProper\src\platform\vfs_trash.cpp:671:13: note: 183 statements (threshold 60)
D:\Project\MrProper\src\platform\vfs_trash.cpp:696:28: warning: local copy 'rootPath' of the variable 'root' is never modified; consider avoiding the copy [performance-unnecessary-copy-initialization]
  696 |         const std::wstring rootPath = root;
      |                            ^
      |                           &
D:\Project\MrProper\src\platform\vfs_trash.cpp:1124:16: warning: avoid repeating the return type from the declaration; use a braced initializer list instead [modernize-return-braced-init-list]
 1124 |         return std::string(toString(status));
      |                ^
D:\Project\MrProper\src\platform\vfs_trash.cpp:1391:17: warning: function 'moveToTrash' exceeds recommended size/complexity thresholds [readability-function-size]
 1391 | TrashMoveResult moveToTrash(const TrashMoveRequest& request, const TrashOptions& options) {
      |                 ^
D:\Project\MrProper\src\platform\vfs_trash.cpp:1391:17: note: 65 statements (threshold 60)
D:\Project\MrProper\src\platform\vfs_trash.cpp:1614:20: warning: function 'restoreTrashItem' has cognitive complexity of 31 (threshold 25) [readability-function-cognitive-complexity]
 1614 | TrashRestoreResult restoreTrashItem(const TrashRestoreRequest& request, const TrashOptions& options) {
      |                    ^
D:\Project\MrProper\src\platform\vfs_trash.cpp:1620:5: note: +1, including nesting penalty of 0, nesting level increased to 1
 1620 |     if (request.action == core::RestoreAction::Missing) {
      |     ^
D:\Project\MrProper\src\platform\vfs_trash.cpp:1624:5: note: +1, including nesting penalty of 0, nesting level increased to 1
 1624 |     if (request.action == core::RestoreAction::Conflict) {
      |     ^
D:\Project\MrProper\src\platform\vfs_trash.cpp:1629:5: note: +1, including nesting penalty of 0, nesting level increased to 1
 1629 |     if (!core::isValidPayloadName(request.item.payload)) {
      |     ^
D:\Project\MrProper\src\platform\vfs_trash.cpp:1635:41: note: +1, including nesting penalty of 0, nesting level increased to 1
 1635 |         request.destinationPath.empty() ? std::string(request.item.originalPath) : request.destinationPath;
      |                                         ^
D:\Project\MrProper\src\platform\vfs_trash.cpp:1636:5: note: +1, including nesting penalty of 0, nesting level increased to 1
 1636 |     if (destination.empty()) {
      |     ^
D:\Project\MrProper\src\platform\vfs_trash.cpp:1645:5: note: +1, including nesting penalty of 0, nesting level increased to 1
 1645 |     if (!exists(sourcePath)) {
      |     ^
D:\Project\MrProper\src\platform\vfs_trash.cpp:1653:5: note: +1, including nesting penalty of 0, nesting level increased to 1
 1653 |     if (measured != TrashStatus::Ok) {
      |     ^
D:\Project\MrProper\src\platform\vfs_trash.cpp:1656:9: note: +2, including nesting penalty of 1, nesting level increased to 2
 1656 |         if (measured == TrashStatus::Cancelled) {
      |         ^
D:\Project\MrProper\src\platform\vfs_trash.cpp:1658:11: note: +1, nesting level increased to 2
 1658 |         } else {
      |           ^
D:\Project\MrProper\src\platform\vfs_trash.cpp:1668:5: note: +1, including nesting penalty of 0, nesting level increased to 1
 1668 |     if (exists(destinationPath) && !overwrite) {
      |     ^
D:\Project\MrProper\src\platform\vfs_trash.cpp:1668:33: note: +1
 1668 |     if (exists(destinationPath) && !overwrite) {
      |                                 ^
D:\Project\MrProper\src\platform\vfs_trash.cpp:1678:39: note: +1, including nesting penalty of 0, nesting level increased to 1
 1678 |     const DWORD moveFlags = overwrite ? MOVEFILE_REPLACE_EXISTING : 0;
      |                                       ^
D:\Project\MrProper\src\platform\vfs_trash.cpp:1679:5: note: +1, including nesting penalty of 0, nesting level increased to 1
 1679 |     if (::MoveFileExW(sourcePath.c_str(), destinationPath.c_str(), moveFlags) != FALSE) {
      |     ^
D:\Project\MrProper\src\platform\vfs_trash.cpp:1685:5: note: +1, including nesting penalty of 0, nesting level increased to 1
 1685 |     if (moveError == ERROR_ALREADY_EXISTS) {
      |     ^
D:\Project\MrProper\src\platform\vfs_trash.cpp:1691:5: note: +1, including nesting penalty of 0, nesting level increased to 1
 1691 |     if (moveError != ERROR_NOT_SAME_DEVICE) {
      |     ^
D:\Project\MrProper\src\platform\vfs_trash.cpp:1707:5: note: +1, including nesting penalty of 0, nesting level increased to 1
 1707 |     if (!parent.empty()) {
      |     ^
D:\Project\MrProper\src\platform\vfs_trash.cpp:1711:9: note: +2, including nesting penalty of 1, nesting level increased to 2
 1711 |         if (prepared != TrashStatus::Ok) {
      |         ^
D:\Project\MrProper\src\platform\vfs_trash.cpp:1717:5: note: +1, including nesting penalty of 0, nesting level increased to 1
 1717 |     if (overwrite) {
      |     ^
D:\Project\MrProper\src\platform\vfs_trash.cpp:1719:9: note: +2, including nesting penalty of 1, nesting level increased to 2
 1719 |         if (cleared != TrashStatus::Ok) {
      |         ^
D:\Project\MrProper\src\platform\vfs_trash.cpp:1728:25: note: +1, including nesting penalty of 0, nesting level increased to 1
 1728 |         facts.directory ? copyDirectoryTree(sourcePath, destinationPath, transfer)
      |                         ^
D:\Project\MrProper\src\platform\vfs_trash.cpp:1730:5: note: +1, including nesting penalty of 0, nesting level increased to 1
 1730 |     if (copiedStatus != TrashStatus::Ok) {
      |     ^
D:\Project\MrProper\src\platform\vfs_trash.cpp:1733:9: note: +2, including nesting penalty of 1, nesting level increased to 2
 1733 |         if (copiedStatus == TrashStatus::Cancelled) {
      |         ^
D:\Project\MrProper\src\platform\vfs_trash.cpp:1735:11: note: +1, nesting level increased to 2
 1735 |         } else {
      |           ^
D:\Project\MrProper\src\platform\vfs_trash.cpp:1742:5: note: +1, including nesting penalty of 0, nesting level increased to 1
 1742 |     if (options.applyTimestamps && request.item.mtime != 0) {
      |     ^
D:\Project\MrProper\src\platform\vfs_trash.cpp:1742:33: note: +1
 1742 |     if (options.applyTimestamps && request.item.mtime != 0) {
      |                                 ^
D:\Project\MrProper\src\platform\vfs_trash.cpp:1745:5: note: +1, including nesting penalty of 0, nesting level increased to 1
 1745 |     if (options.applyAcl && !request.item.aclSddl.empty()) {
      |     ^
D:\Project\MrProper\src\platform\vfs_trash.cpp:1745:26: note: +1
 1745 |     if (options.applyAcl && !request.item.aclSddl.empty()) {
      |                          ^
D:\Project\MrProper\src\platform\vfs_trash.cpp:1614:20: warning: function 'restoreTrashItem' exceeds recommended size/complexity thresholds [readability-function-size]
 1614 | TrashRestoreResult restoreTrashItem(const TrashRestoreRequest& request, const TrashOptions& options) {
      |                    ^
D:\Project\MrProper\src\platform\vfs_trash.cpp:1614:20: note: 141 lines including whitespace and comments (threshold 120)
D:\Project\MrProper\src\platform\vfs_trash.cpp:1614:20: note: 108 statements (threshold 60)
D:\Project\MrProper\src\platform\vfs_trash.cpp:1859:32: warning: use emplace_back instead of push_back [modernize-use-emplace]
 1859 |             summary.failedDirs.push_back(std::string(txId));
      |                                ^~~~~~~~~~~~~~~~~~~~~~    ~
      |                                emplace_back(
D:\Project\MrProper\src\platform\vfs_walk.cpp:144:5: warning: the value returned by this function should not be disregarded; neglecting it may lead to errors [cert-err33-c]
  144 |     std::fwrite(line.data(), 1, line.size(), file);
      |     ^~~~~~~~~~~~~~~~~~~~~~~~~~~~~~~~~~~~~~~~~~~~~~
D:\Project\MrProper\src\platform\vfs_walk.cpp:144:5: note: cast the expression to void to silence this warning
D:\Project\MrProper\src\platform\vfs_walk.cpp:145:5: warning: the value returned by this function should not be disregarded; neglecting it may lead to errors [cert-err33-c]
  145 |     std::fclose(file);
      |     ^~~~~~~~~~~~~~~~~
D:\Project\MrProper\src\platform\vfs_walk.cpp:145:5: note: cast the expression to void to silence this warning
D:\Project\MrProper\src\platform\vfs_walk.cpp:145:5: warning: calling legacy resource function without passing a 'gsl::owner<>' [cppcoreguidelines-owning-memory]
  145 |     std::fclose(file);
      |     ^~~~~~~~~~~~~~~~~
D:\Project\MrProper\src\platform\vfs_walk.cpp:205:29: warning: unused function 'toUInt64' [clang-diagnostic-unused-function]
  205 | [[nodiscard]] std::uint64_t toUInt64(const FILETIME& time) noexcept {
      |                             ^~~~~~~~
D:\Project\MrProper\src\platform\vfs_walk.cpp:342:5: warning: an exception may be thrown in function 'Walker' which should not throw exceptions [bugprone-exception-escape]
  342 |     Walker(const WalkOptions& options, const WalkVisitor& visitor, std::stop_token stop) noexcept
      |     ^
D:\Project\MrProper\src\platform\vfs_walk.cpp:342:68: warning: pass by value and use std::move [modernize-pass-by-value]
  342 |     Walker(const WalkOptions& options, const WalkVisitor& visitor, std::stop_token stop) noexcept
      |                                                                    ^
  343 |         : options_(options), visitor_(visitor), stop_(stop) {
      |                                                           
      |                                                       std::move( )
D:\Project\MrProper\src\platform\vfs_walk.cpp:343:55: warning: parameter 'stop' is passed by value and only copied once; consider moving it to avoid unnecessary copies [performance-unnecessary-value-param]
  343 |         : options_(options), visitor_(visitor), stop_(stop) {
      |                                                       ^   
      |                                                       std::move( )
D:\Project\MrProper\src\platform\vfs_walk.cpp:454:28: warning: function 'visitChild' exceeds recommended size/complexity thresholds [readability-function-size]
  454 | [[nodiscard]] bool Walker::visitChild(const Record& record, const std::wstring& dirPath, std::uint32_t depth,
      |                            ^
D:\Project\MrProper\src\platform\vfs_walk.cpp:454:28: note: 66 statements (threshold 60)
D:\Project\MrProper\src\platform\vfs_walk.cpp:547:28: warning: function 'walkDirectory' has cognitive complexity of 55 (threshold 25) [readability-function-cognitive-complexity]
  547 | [[nodiscard]] bool Walker::walkDirectory(const std::wstring& dirPath, std::uint32_t depth, std::uint64_t volumeSerial,
      |                            ^
D:\Project\MrProper\src\platform\vfs_walk.cpp:553:30: note: nesting level increased to 1
  553 |     const ScopedHandle dir = [&] {
      |                              ^
D:\Project\MrProper\src\platform\vfs_walk.cpp:559:5: note: +1, including nesting penalty of 0, nesting level increased to 1
  559 |     if (!dir) {
      |     ^
D:\Project\MrProper\src\platform\vfs_walk.cpp:570:9: note: +1, including nesting penalty of 0, nesting level increased to 1
  570 |         if (!::GetFileInformationByHandle(dir.get(), &info)) {
      |         ^
D:\Project\MrProper\src\platform\vfs_walk.cpp:575:5: note: +1, including nesting penalty of 0, nesting level increased to 1
  575 |     if ((info.dwFileAttributes & FILE_ATTRIBUTE_DIRECTORY) == 0) {
      |     ^
D:\Project\MrProper\src\platform\vfs_walk.cpp:580:5: note: +1, including nesting penalty of 0, nesting level increased to 1
  580 |     if ((info.dwFileAttributes & FILE_ATTRIBUTE_REPARSE_POINT) != 0 && depth > 0 && !options_.followReparsePoint) {
      |     ^
D:\Project\MrProper\src\platform\vfs_walk.cpp:580:82: note: +1
  580 |     if ((info.dwFileAttributes & FILE_ATTRIBUTE_REPARSE_POINT) != 0 && depth > 0 && !options_.followReparsePoint) {
      |                                                                                  ^
D:\Project\MrProper\src\platform\vfs_walk.cpp:591:5: note: +1, including nesting penalty of 0, nesting level increased to 1
  591 |     if (depth > 0 && (info.dwVolumeSerialNumber != volumeSerial || actualFileId != expectedFileId)) {
      |     ^
D:\Project\MrProper\src\platform\vfs_walk.cpp:591:19: note: +1
  591 |     if (depth > 0 && (info.dwVolumeSerialNumber != volumeSerial || actualFileId != expectedFileId)) {
      |                   ^
D:\Project\MrProper\src\platform\vfs_walk.cpp:591:65: note: +1
  591 |     if (depth > 0 && (info.dwVolumeSerialNumber != volumeSerial || actualFileId != expectedFileId)) {
      |                                                                 ^
D:\Project\MrProper\src\platform\vfs_walk.cpp:608:5: note: +1, including nesting penalty of 0, nesting level increased to 1
  608 |     if (!visited_.insert(DirectoryId{info.dwVolumeSerialNumber, actualFileId}).second) {
      |     ^
D:\Project\MrProper\src\platform\vfs_walk.cpp:617:5: note: +1, including nesting penalty of 0, nesting level increased to 1
  617 |     if (enumBuffers_.size() <= static_cast<std::size_t>(depth)) {
      |     ^
D:\Project\MrProper\src\platform\vfs_walk.cpp:620:5: note: +1, including nesting penalty of 0, nesting level increased to 1
  620 |     if (enumBuffers_[depth].size() < kEnumBufferBytes) {
      |     ^
D:\Project\MrProper\src\platform\vfs_walk.cpp:629:5: note: +1, including nesting penalty of 0, nesting level increased to 1
  629 |     for (;;) {
      |     ^
D:\Project\MrProper\src\platform\vfs_walk.cpp:635:29: note: nesting level increased to 2
  635 |         const BOOL listed = [&] {
      |                             ^
D:\Project\MrProper\src\platform\vfs_walk.cpp:638:36: note: +3, including nesting penalty of 2, nesting level increased to 3
  638 |                 dir.get(), restart ? FileIdBothDirectoryRestartInfo : FileIdBothDirectoryInfo,
      |                                    ^
D:\Project\MrProper\src\platform\vfs_walk.cpp:642:9: note: +2, including nesting penalty of 1, nesting level increased to 2
  642 |         if (!listed) {
      |         ^
D:\Project\MrProper\src\platform\vfs_walk.cpp:644:13: note: +3, including nesting penalty of 2, nesting level increased to 3
  644 |             if (code == ERROR_NO_MORE_FILES) {
      |             ^
D:\Project\MrProper\src\platform\vfs_walk.cpp:655:9: note: +2, including nesting penalty of 1, nesting level increased to 2
  655 |         for (;;) {
      |         ^
D:\Project\MrProper\src\platform\vfs_walk.cpp:660:13: note: +3, including nesting penalty of 2, nesting level increased to 3
  660 |             if (++sinceCancelCheck_ >= cancelCheckPeriod(options_)) {
      |             ^
D:\Project\MrProper\src\platform\vfs_walk.cpp:661:17: note: +4, including nesting penalty of 3, nesting level increased to 4
  661 |                 if (cancelled()) {
      |                 ^
D:\Project\MrProper\src\platform\vfs_walk.cpp:671:13: note: +3, including nesting penalty of 2, nesting level increased to 3
  671 |             if (offset + kHeaderBytes > buffer.size()) {
      |             ^
D:\Project\MrProper\src\platform\vfs_walk.cpp:681:13: note: +3, including nesting penalty of 2, nesting level increased to 3
  681 |             if (raw->FileNameLength == 0 && raw->FileAttributes == 0 && raw->FileId.QuadPart == 0 &&
      |             ^
D:\Project\MrProper\src\platform\vfs_walk.cpp:681:99: note: +1
  681 |             if (raw->FileNameLength == 0 && raw->FileAttributes == 0 && raw->FileId.QuadPart == 0 &&
      |                                                                                                   ^
D:\Project\MrProper\src\platform\vfs_walk.cpp:690:13: note: +3, including nesting penalty of 2, nesting level increased to 3
  690 |             if ((raw->FileNameLength % sizeof(wchar_t)) != 0 ||
      |             ^
D:\Project\MrProper\src\platform\vfs_walk.cpp:690:62: note: +1
  690 |             if ((raw->FileNameLength % sizeof(wchar_t)) != 0 ||
      |                                                              ^
D:\Project\MrProper\src\platform\vfs_walk.cpp:703:13: note: +3, including nesting penalty of 2, nesting level increased to 3
  703 |             if (name != L"." && name != L"..") {
      |             ^
D:\Project\MrProper\src\platform\vfs_walk.cpp:703:30: note: +1
  703 |             if (name != L"." && name != L"..") {
      |                              ^
D:\Project\MrProper\src\platform\vfs_walk.cpp:719:17: note: +4, including nesting penalty of 3, nesting level increased to 4
  719 |                 if (!visitChild(record, dirPath, depth, info.dwVolumeSerialNumber)) {
      |                 ^
D:\Project\MrProper\src\platform\vfs_walk.cpp:724:13: note: +3, including nesting penalty of 2, nesting level increased to 3
  724 |             if (nextOffset == 0) {
      |             ^
D:\Project\MrProper\src\platform\vfs_walk.cpp:729:13: note: +3, including nesting penalty of 2, nesting level increased to 3
  729 |             if (nextOffset < kHeaderBytes || nextOffset >= buffer.size() - offset) {
      |             ^
D:\Project\MrProper\src\platform\vfs_walk.cpp:729:43: note: +1
  729 |             if (nextOffset < kHeaderBytes || nextOffset >= buffer.size() - offset) {
      |                                           ^
D:\Project\MrProper\src\platform\vfs_walk.cpp:547:28: warning: function 'walkDirectory' exceeds recommended size/complexity thresholds [readability-function-size]
  547 | [[nodiscard]] bool Walker::walkDirectory(const std::wstring& dirPath, std::uint32_t depth, std::uint64_t volumeSerial,
      |                            ^
D:\Project\MrProper\src\platform\vfs_walk.cpp:547:28: note: 188 lines including whitespace and comments (threshold 120)
D:\Project\MrProper\src\platform\vfs_walk.cpp:547:28: note: 105 statements (threshold 60)
D:\Project\MrProper\src\platform\vfs_walk.cpp:891:12: warning: avoid repeating the return type from the declaration; use a braced initializer list instead [modernize-return-braced-init-list]
  891 |     return std::wstring(text.data(), text.size());
      |            ^
D:\Project\MrProper\src\platform\vfs_walk.cpp:993:37: warning: parameter 'stop' is passed by value and only copied once; consider moving it to avoid unnecessary copies [performance-unnecessary-value-param]
  993 |     Walker walker(options, visitor, stop);
      |                                     ^   
      |                                     std::move( )
D:\Project\MrProper\src\platform\volumes.cpp:127:14: warning: an exception may be thrown in function 'toWide' which should not throw exceptions [bugprone-exception-escape]
  127 | std::wstring toWide(std::string_view utf8) noexcept {
      |              ^
D:\Project\MrProper\src\platform\volumes.cpp:309:6: warning: an exception may be thrown in function 'readExtentsFrom' which should not throw exceptions [bugprone-exception-escape]
  309 | void readExtentsFrom(const void* raw, DWORD transferred, Extents& result) noexcept {
      |      ^
D:\Project\MrProper\src\platform\volumes.cpp:329:9: warning: an exception may be thrown in function 'readExtents' which should not throw exceptions [bugprone-exception-escape]
  329 | Extents readExtents(HANDLE device) noexcept {
      |         ^
D:\Project\MrProper\src\platform\volumes.cpp:375:12: warning: an exception may be thrown in function 'infoFromBuffers' which should not throw exceptions [bugprone-exception-escape]
  375 | VolumeInfo infoFromBuffers(const wchar_t* label, const wchar_t* fileSystem, DWORD flags) noexcept {
      |            ^
D:\Project\MrProper\src\platform\volumes.cpp:462:13: warning: an exception may be thrown in function 'readMountPoints' which should not throw exceptions [bugprone-exception-escape]
  462 | MountPoints readMountPoints(const std::wstring& volumePath) noexcept {
      |             ^
D:\Project\MrProper\src\platform\volumes.cpp:516:6: warning: an exception may be thrown in function 'queryWide' which should not throw exceptions [bugprone-exception-escape]
  516 | void queryWide(std::string_view pathUtf8, const std::wstring& widePath, Probe& probe) noexcept {
      |      ^
D:\Project\MrProper\src\platform\volumes.cpp:516:6: warning: function 'queryWide' has cognitive complexity of 34 (threshold 25) [readability-function-cognitive-complexity]
D:\Project\MrProper\src\platform\volumes.cpp:539:5: note: +1, including nesting penalty of 0, nesting level increased to 1
  539 |     if (mounts.completed) {
      |     ^
D:\Project\MrProper\src\platform\volumes.cpp:542:7: note: +1, nesting level increased to 1
  542 |     } else {
      |       ^
D:\Project\MrProper\src\platform\volumes.cpp:557:46: note: +1, including nesting penalty of 0, nesting level increased to 1
  557 |     const DWORD readerError = reader.valid() ? ERROR_SUCCESS : ::GetLastError();
      |                                              ^
D:\Project\MrProper\src\platform\volumes.cpp:563:5: note: +1, including nesting penalty of 0, nesting level increased to 1
  563 |     if (!informationKnown) {
      |     ^
D:\Project\MrProper\src\platform\volumes.cpp:565:9: note: +2, including nesting penalty of 1, nesting level increased to 2
  565 |         if (code == ERROR_UNRECOGNIZED_VOLUME) {
      |         ^
D:\Project\MrProper\src\platform\volumes.cpp:572:11: note: +1, nesting level increased to 2
  572 |         } else {
      |           ^
D:\Project\MrProper\src\platform\volumes.cpp:578:5: note: +1, including nesting penalty of 0, nesting level increased to 1
  578 |     if (informationKnown) {
      |     ^
D:\Project\MrProper\src\platform\volumes.cpp:589:36: note: +1, including nesting penalty of 0, nesting level increased to 1
  589 |     Handle opener = reader.valid() ? Handle{} : openVolume(devicePath, kQueryAccess);
      |                                    ^
D:\Project\MrProper\src\platform\volumes.cpp:591:5: note: +1, including nesting penalty of 0, nesting level increased to 1
  591 |     if (opener.valid()) {
      |     ^
D:\Project\MrProper\src\platform\volumes.cpp:593:12: note: +1, nesting level increased to 1
  593 |     } else if (reader.valid()) {
      |            ^
D:\Project\MrProper\src\platform\volumes.cpp:595:7: note: +1, nesting level increased to 1
  595 |     } else {
      |       ^
D:\Project\MrProper\src\platform\volumes.cpp:600:43: note: +2, including nesting penalty of 1, nesting level increased to 2
  600 |         const DWORD code = reader.valid() ? ERROR_SUCCESS : readerError;
      |                                           ^
D:\Project\MrProper\src\platform\volumes.cpp:602:49: note: +2, including nesting penalty of 1, nesting level increased to 2
  602 |         probe.lastError = code != ERROR_SUCCESS ? code : ::GetLastError();
      |                                                 ^
D:\Project\MrProper\src\platform\volumes.cpp:606:5: note: +1, including nesting penalty of 0, nesting level increased to 1
  606 |     if (device != INVALID_HANDLE_VALUE) {
      |     ^
D:\Project\MrProper\src\platform\volumes.cpp:608:9: note: +2, including nesting penalty of 1, nesting level increased to 2
  608 |         if (!extents.ok) {
      |         ^
D:\Project\MrProper\src\platform\volumes.cpp:609:13: note: +3, including nesting penalty of 2, nesting level increased to 3
  609 |             for (const std::string& point : probe.volume.mountPoints) {
      |             ^
D:\Project\MrProper\src\platform\volumes.cpp:611:17: note: +4, including nesting penalty of 3, nesting level increased to 4
  611 |                 if (!retry.ok) continue;
      |                 ^
D:\Project\MrProper\src\platform\volumes.cpp:616:9: note: +2, including nesting penalty of 1, nesting level increased to 2
  616 |         if (extents.ok) {
      |         ^
D:\Project\MrProper\src\platform\volumes.cpp:620:11: note: +1, nesting level increased to 2
  620 |         } else {
      |           ^
D:\Project\MrProper\src\platform\volumes.cpp:622:13: note: +3, including nesting penalty of 2, nesting level increased to 3
  622 |             if (extents.error == ERROR_TIMEOUT) probe.errors |= Error::Timeout;
      |             ^
D:\Project\MrProper\src\platform\volumes.cpp:631:5: note: +1, including nesting penalty of 0, nesting level increased to 1
  631 |     if (failed(probe.errors)) {
      |     ^
D:\Project\MrProper\src\platform\volumes.cpp:640:68: note: +1
  640 |     probe.found = probe.mountPointsKnown || probe.informationKnown || probe.extentsKnown;
      |                                                                    ^
D:\Project\MrProper\src\platform\volumes.cpp:516:6: warning: function 'queryWide' exceeds recommended size/complexity thresholds [readability-function-size]
  516 | void queryWide(std::string_view pathUtf8, const std::wstring& widePath, Probe& probe) noexcept {
      |      ^
D:\Project\MrProper\src\platform\volumes.cpp:516:6: note: 125 lines including whitespace and comments (threshold 120)
D:\Project\MrProper\src\platform\volumes.cpp:516:6: note: 76 statements (threshold 60)
D:\Project\MrProper\src\platform\volumes.cpp:702:13: warning: an exception may be thrown in function 'enumerate' which should not throw exceptions [bugprone-exception-escape]
  702 | Enumeration enumerate() noexcept {
      |             ^
D:\Project\MrProper\src\platform\volumes.cpp:702:13: warning: function 'enumerate' exceeds recommended size/complexity thresholds [readability-function-size]
D:\Project\MrProper\src\platform\volumes.cpp:702:13: note: 61 statements (threshold 60)
D:\Project\MrProper\src\platform\volumes.cpp:733:64: warning: redundant call to 'c_str' [readability-redundant-string-cstr]
  733 |             const std::wstring guidPath(trimTrailingSeparators(buffer.c_str()));
      |                                                                ^~~~~~~~~~~~~~
      |                                                                buffer
D:\Project\MrProper\src\platform\volumes.cpp:776:13: warning: an exception may be thrown in function 'normalizeGuidPath' which should not throw exceptions [bugprone-exception-escape]
  776 | std::string normalizeGuidPath(std::string_view devicePathUtf8) noexcept {
      |             ^
D:\Project\MrProper\src\platform\volumes.cpp:794:9: warning: boolean expression can be simplified by DeMorgan's theorem [readability-simplify-boolean-expr]
  794 |     if (!((letter >= 'A' && letter <= 'Z') || (letter >= 'a' && letter <= 'z'))) return 0;
      |         ^~~~~~~~~~~~~~~~~~~~~~~~~~~~~~~~~~~~~~~~~~~~~~~~~~~~~~~~~~~~~~~~~~~~~~~
      |                   <      ||        >       &&         <      ||        >
D:\Project\MrProper\src\platform\wmi.cpp:67:18: warning: an exception may be thrown in function 'addField' which should not throw exceptions [bugprone-exception-escape]
   67 | core::LogFields& addField(core::LogFields& fields, const char* key, const wchar_t* value) noexcept {
      |                  ^
D:\Project\MrProper\src\platform\wmi.cpp:72:18: warning: an exception may be thrown in function 'addField' which should not throw exceptions [bugprone-exception-escape]
   72 | core::LogFields& addField(core::LogFields& fields, const char* key, const std::string& value) noexcept {
      |                  ^
D:\Project\MrProper\src\platform\wmi.cpp:81:18: warning: an exception may be thrown in function 'addField' which should not throw exceptions [bugprone-exception-escape]
   81 | core::LogFields& addField(core::LogFields& fields, const char* key, T value) noexcept {
      |                  ^
D:\Project\MrProper\src\platform\wmi.cpp:81:18: warning: an exception may be thrown in function 'addField<long long>' which should not throw exceptions [bugprone-exception-escape]
D:\Project\MrProper\src\platform\wmi.cpp:461:6: warning: an exception may be thrown in function 'getString' which should not throw exceptions [bugprone-exception-escape]
  461 | bool getString(IWbemClassObject* object, const wchar_t* name, std::string& utf8) noexcept {
      |      ^
D:\Project\MrProper\src\platform\wmi.cpp:687:14: warning: an exception may be thrown in function 'forEachRow' which should not throw exceptions [bugprone-exception-escape]
  687 | QueryOutcome forEachRow(IWbemServices* services, const wchar_t* wql, Reader&& reader) noexcept {
      |              ^
D:\Project\MrProper\src\platform\wmi.cpp:687:14: warning: an exception may be thrown in function 'forEachRow<(lambda at D:\Project\MrProper\src\platform\wmi.cpp:1720:70)>' which should not throw exceptions [bugprone-exception-escape]
D:\Project\MrProper\src\platform\wmi.cpp:687:14: warning: an exception may be thrown in function 'forEachRow<(lambda at D:\Project\MrProper\src\platform\wmi.cpp:1729:67)>' which should not throw exceptions [bugprone-exception-escape]
D:\Project\MrProper\src\platform\wmi.cpp:687:14: warning: an exception may be thrown in function 'forEachRow<(lambda at D:\Project\MrProper\src\platform\wmi.cpp:1739:74)>' which should not throw exceptions [bugprone-exception-escape]
D:\Project\MrProper\src\platform\wmi.cpp:687:14: warning: an exception may be thrown in function 'forEachRow<(lambda at D:\Project\MrProper\src\platform\wmi.cpp:1750:68)>' which should not throw exceptions [bugprone-exception-escape]
D:\Project\MrProper\src\platform\wmi.cpp:687:14: warning: an exception may be thrown in function 'forEachRow<(lambda at D:\Project\MrProper\src\platform\wmi.cpp:1761:74)>' which should not throw exceptions [bugprone-exception-escape]
D:\Project\MrProper\src\platform\wmi.cpp:939:13: warning: an exception may be thrown in function 'asciiForLog' which should not throw exceptions [bugprone-exception-escape]
  939 | std::string asciiForLog(std::string_view text) noexcept {
      |             ^
D:\Project\MrProper\src\platform\wmi.cpp:1033:14: warning: an exception may be thrown in function 'runManageBde' which should not throw exceptions [bugprone-exception-escape]
 1033 | ManageBdeRun runManageBde(std::wstring_view driveLetter) noexcept {
      |              ^
D:\Project\MrProper\src\platform\wmi.cpp:1033:14: warning: function 'runManageBde' has cognitive complexity of 32 (threshold 25) [readability-function-cognitive-complexity]
D:\Project\MrProper\src\platform\wmi.cpp:1038:5: note: +1, including nesting penalty of 0, nesting level increased to 1
 1038 |     if (systemLength == 0 || systemLength >= static_cast<UINT>(MAX_PATH)) {
      |     ^
D:\Project\MrProper\src\platform\wmi.cpp:1038:27: note: +1
 1038 |     if (systemLength == 0 || systemLength >= static_cast<UINT>(MAX_PATH)) {
      |                           ^
D:\Project\MrProper\src\platform\wmi.cpp:1057:5: note: +1, including nesting penalty of 0, nesting level increased to 1
 1057 |     if (!nul) {
      |     ^
D:\Project\MrProper\src\platform\wmi.cpp:1064:5: note: +1, including nesting penalty of 0, nesting level increased to 1
 1064 |     if (::CreatePipe(&readEnd, &writeEnd, &inheritable, 0) == FALSE) {
      |     ^
D:\Project\MrProper\src\platform\wmi.cpp:1086:5: note: +1, including nesting penalty of 0, nesting level increased to 1
 1086 |     if (::CreateProcessW(nullptr, mutableCommandLine.data(), nullptr, nullptr, TRUE, CREATE_NO_WINDOW, nullptr, nullptr,
      |     ^
D:\Project\MrProper\src\platform\wmi.cpp:1100:5: note: +1, including nesting penalty of 0, nesting level increased to 1
 1100 |     if (!readEvent) {
      |     ^
D:\Project\MrProper\src\platform\wmi.cpp:1109:5: note: +1, including nesting penalty of 0, nesting level increased to 1
 1109 |     for (;;) {
      |     ^
D:\Project\MrProper\src\platform\wmi.cpp:1118:9: note: +2, including nesting penalty of 1, nesting level increased to 2
 1118 |         if (ok == FALSE && ::GetLastError() != ERROR_IO_PENDING) {
      |         ^
D:\Project\MrProper\src\platform\wmi.cpp:1118:25: note: +1
 1118 |         if (ok == FALSE && ::GetLastError() != ERROR_IO_PENDING) {
      |                         ^
D:\Project\MrProper\src\platform\wmi.cpp:1122:9: note: +2, including nesting penalty of 1, nesting level increased to 2
 1122 |         if (ok == FALSE) {
      |         ^
D:\Project\MrProper\src\platform\wmi.cpp:1124:48: note: +3, including nesting penalty of 2, nesting level increased to 3
 1124 |             const DWORD left = now >= deadline ? 0u : static_cast<DWORD>(deadline - now);
      |                                                ^
D:\Project\MrProper\src\platform\wmi.cpp:1125:13: note: +3, including nesting penalty of 2, nesting level increased to 3
 1125 |             if (left == 0u) {
      |             ^
D:\Project\MrProper\src\platform\wmi.cpp:1130:13: note: +3, including nesting penalty of 2, nesting level increased to 3
 1130 |             if (::WaitForSingleObject(overlapped.hEvent, left) == WAIT_TIMEOUT) {
      |             ^
D:\Project\MrProper\src\platform\wmi.cpp:1136:9: note: +2, including nesting penalty of 1, nesting level increased to 2
 1136 |         if (::GetOverlappedResult(parentRead.get(), &overlapped, &transferred, FALSE) == FALSE) {
      |         ^
D:\Project\MrProper\src\platform\wmi.cpp:1140:9: note: +2, including nesting penalty of 1, nesting level increased to 2
 1140 |         if (transferred == 0) break;  // EOF
      |         ^
D:\Project\MrProper\src\platform\wmi.cpp:1141:9: note: +2, including nesting penalty of 1, nesting level increased to 2
 1141 |         if (run.output.size() < kMaxManageBdeOutputBytes) {
      |         ^
D:\Project\MrProper\src\platform\wmi.cpp:1144:9: note: +2, including nesting penalty of 1, nesting level increased to 2
 1144 |         if (::GetTickCount64() >= deadline) {
      |         ^
D:\Project\MrProper\src\platform\wmi.cpp:1151:5: note: +1, including nesting penalty of 0, nesting level increased to 1
 1151 |     if (run.timedOut) {
      |     ^
D:\Project\MrProper\src\platform\wmi.cpp:1156:5: note: +1, including nesting penalty of 0, nesting level increased to 1
 1156 |     if (::WaitForSingleObject(processHandle.get(), static_cast<DWORD>(kManageBdeTimeoutMs)) != WAIT_OBJECT_0) {
      |     ^
D:\Project\MrProper\src\platform\wmi.cpp:1166:5: note: +1, including nesting penalty of 0, nesting level increased to 1
 1166 |     if (::GetExitCodeProcess(processHandle.get(), &exitCode) != FALSE) run.exitCode = exitCode;
      |     ^
D:\Project\MrProper\src\platform\wmi.cpp:1033:14: warning: function 'runManageBde' exceeds recommended size/complexity thresholds [readability-function-size]
 1033 | ManageBdeRun runManageBde(std::wstring_view driveLetter) noexcept {
      |              ^
D:\Project\MrProper\src\platform\wmi.cpp:1033:14: note: 136 lines including whitespace and comments (threshold 120)
D:\Project\MrProper\src\platform\wmi.cpp:1033:14: note: 108 statements (threshold 60)
D:\Project\MrProper\src\platform\wmi.cpp:1173:18: warning: an exception may be thrown in function 'parseManageBde' which should not throw exceptions [bugprone-exception-escape]
 1173 | VolumeEncryption parseManageBde(std::string_view output, const std::string& wantedDriveLetter) noexcept {
      |                  ^
D:\Project\MrProper\src\platform\wmi.cpp:1481:13: warning: an exception may be thrown in function 'normalizeDriveLetter' which should not throw exceptions [bugprone-exception-escape]
 1481 | std::string normalizeDriveLetter(std::string_view utf8) noexcept {
      |             ^
D:\Project\MrProper\src\platform\wmi.cpp:1644:10: warning: an exception may be thrown in function 'fail' which should not throw exceptions [bugprone-exception-escape]
 1644 |     void fail(HRESULT hr, const char* operation, const wchar_t* wql = nullptr) noexcept {
      |          ^
D:\Project\MrProper\src\platform\wmi.cpp:1651:37: warning: redundant call to 'c_str' [readability-redundant-string-cstr]
 1651 |         core::logWarn("wmi.failed", line.c_str(), fields);
      |                                     ^~~~~~~~~~~~
      |                                     line
D:\Project\MrProper\src\platform\wmi.cpp:1657:10: warning: an exception may be thrown in function 'query' which should not throw exceptions [bugprone-exception-escape]
 1657 |     void query(ComPtr<IWbemServices>& services, const wchar_t* nameSpace, const wchar_t* wql,
      |          ^
D:\Project\MrProper\src\platform\wmi.cpp:1657:10: warning: an exception may be thrown in function 'query<(lambda at D:\Project\MrProper\src\platform\wmi.cpp:1720:70)>' which should not throw exceptions [bugprone-exception-escape]
D:\Project\MrProper\src\platform\wmi.cpp:1657:10: warning: an exception may be thrown in function 'query<(lambda at D:\Project\MrProper\src\platform\wmi.cpp:1729:67)>' which should not throw exceptions [bugprone-exception-escape]
D:\Project\MrProper\src\platform\wmi.cpp:1657:10: warning: an exception may be thrown in function 'query<(lambda at D:\Project\MrProper\src\platform\wmi.cpp:1739:74)>' which should not throw exceptions [bugprone-exception-escape]
D:\Project\MrProper\src\platform\wmi.cpp:1657:10: warning: an exception may be thrown in function 'query<(lambda at D:\Project\MrProper\src\platform\wmi.cpp:1750:68)>' which should not throw exceptions [bugprone-exception-escape]
D:\Project\MrProper\src\platform\wmi.cpp:1657:10: warning: an exception may be thrown in function 'query<(lambda at D:\Project\MrProper\src\platform\wmi.cpp:1761:74)>' which should not throw exceptions [bugprone-exception-escape]
D:\Project\MrProper\src\platform\wmi.cpp:1677:42: warning: redundant call to 'c_str' [readability-redundant-string-cstr]
 1677 |             core::logWarn("wmi.timeout", line.c_str(), fields);
      |                                          ^~~~~~~~~~~~
      |                                          line
D:\Project\MrProper\src\platform\wmi.cpp:1797:18: warning: an exception may be thrown in function 'queryVolumeEncryptionFromWmi' which should not throw exceptions [bugprone-exception-escape]
 1797 | VolumeEncryption queryVolumeEncryptionFromWmi(std::string_view driveLetterUtf8) noexcept {
      |                  ^
D:\Project\MrProper\src\platform\wmi.cpp:1822:18: warning: an exception may be thrown in function 'queryVolumeEncryptionFromManageBde' which should not throw exceptions [bugprone-exception-escape]
 1822 | VolumeEncryption queryVolumeEncryptionFromManageBde(std::string_view driveLetterUtf8) noexcept {
      |                  ^
D:\Project\MrProper\src\platform\wmi.cpp:1860:46: warning: redundant call to 'c_str' [readability-redundant-string-cstr]
 1860 |         core::logWarn("wmi.manageBde.parse", parsed.detail.c_str(), fields);
      |                                              ^~~~~~~~~~~~~~~~~~~~~
      |                                              parsed.detail
D:\Project\MrProper\src\platform\wmi.cpp:1865:18: warning: an exception may be thrown in function 'queryVolumeEncryption' which should not throw exceptions [bugprone-exception-escape]
 1865 | VolumeEncryption queryVolumeEncryption(std::string_view driveLetterUtf8) noexcept {
      |                  ^
D:\Project\MrProper\src\platform\wmi.cpp:1869:33: warning: constness of 'fromWmi' prevents automatic move [performance-no-automatic-move]
 1869 |     if (fromWmi.known()) return fromWmi;
      |                                 ^
D:\Project\MrProper\src\platform\wmi.cpp:1871:34: warning: constness of 'fallback' prevents automatic move [performance-no-automatic-move]
 1871 |     if (fallback.known()) return fallback;
      |                                  ^
D:\Project\MrProper\src\platform\wmi.cpp:1880:45: warning: redundant call to 'c_str' [readability-redundant-string-cstr]
 1880 |     core::logWarn("wmi.encryption.unknown", result.detail.c_str(), fields);
      |                                             ^~~~~~~~~~~~~~~~~~~~~
      |                                             result.detail
[1/34] Processing file D:\Project\MrProper\src\core\disk_model.cpp.
76566 warnings generated.
[2/34] Processing file D:\Project\MrProper\src\core\glob.cpp.
114462 warnings generated.
[3/34] Processing file D:\Project\MrProper\src\core\i18n.cpp.
191048 warnings generated.
[4/34] Processing file D:\Project\MrProper\src\core\json.cpp.
232438 warnings generated.
[5/34] Processing file D:\Project\MrProper\src\core\log.cpp.
331246 warnings generated.
[6/34] Processing file D:\Project\MrProper\src\core\plan.cpp.
407824 warnings generated.
[7/34] Processing file D:\Project\MrProper\src\core\report_html.cpp.
484399 warnings generated.
[8/34] Processing file D:\Project\MrProper\src\core\report_json.cpp.
534148 warnings generated.
[9/34] Processing file D:\Project\MrProper\src\core\rules.cpp.
611021 warnings generated.
[10/34] Processing file D:\Project\MrProper\src\core\rulesync.cpp.
683366 warnings generated.
[11/34] Processing file D:\Project\MrProper\src\core\scoring.cpp.
744717 warnings generated.
[12/34] Processing file D:\Project\MrProper\src\core\sizing.cpp.
821276 warnings generated.
[13/34] Processing file D:\Project\MrProper\src\core\trash.cpp.
897836 warnings generated.
[14/34] Processing file D:\Project\MrProper\src\core\undo.cpp.
956899 warnings generated.
[15/34] Processing file D:\Project\MrProper\src\core\units.cpp.
1033441 warnings generated.
[16/34] Processing file D:\Project\MrProper\src\platform\bus_type.cpp.
1084478 warnings generated.
[17/34] Processing file D:\Project\MrProper\src\platform\devices.cpp.
1161922 warnings generated.
[18/34] Processing file D:\Project\MrProper\src\platform\gpt_kind.cpp.
1203218 warnings generated.
[19/34] Processing file D:\Project\MrProper\src\platform\inventory.cpp.
1384759 warnings generated.
[20/34] Processing file D:\Project\MrProper\src\platform\layout.cpp.
1462307 warnings generated.
[21/34] Processing file D:\Project\MrProper\src\platform\net.cpp.
1564524 warnings generated.
[22/34] Processing file D:\Project\MrProper\src\platform\process_control.cpp.
1673151 warnings generated.
[23/34] Processing file D:\Project\MrProper\src\platform\restart_manager.cpp.
1747576 warnings generated.
[24/34] Processing file D:\Project\MrProper\src\platform\rulesync_client.cpp.
1833248 warnings generated.
[25/34] Processing file D:\Project\MrProper\src\platform\size_probe.cpp.
1938078 warnings generated.
[26/34] Processing file D:\Project\MrProper\src\platform\storage_query.cpp.
2042975 warnings generated.
[27/34] Processing file D:\Project\MrProper\src\platform\trim_cache.cpp.
2147491 warnings generated.
[28/34] Processing file D:\Project\MrProper\src\platform\vfs_delete.cpp.
2255658 warnings generated.
[29/34] Processing file D:\Project\MrProper\src\platform\vfs_paths.cpp.
2314449 warnings generated.
[30/34] Processing file D:\Project\MrProper\src\platform\vfs_size.cpp.
2416572 warnings generated.
[31/34] Processing file D:\Project\MrProper\src\platform\vfs_trash.cpp.
2500155 warnings generated.
[32/34] Processing file D:\Project\MrProper\src\platform\vfs_walk.cpp.
2612016 warnings generated.
[33/34] Processing file D:\Project\MrProper\src\platform\volumes.cpp.
2688810 warnings generated.
[34/34] Processing file D:\Project\MrProper\src\platform\wmi.cpp.
2753556 warnings generated.
Suppressed 2753289 warnings (2753288 in non-user code, 1 NOLINT).
Use -header-filter=.* to display errors from all non-system headers. Use -system-headers to display errors from system headers as well.
